Key,Type,Desc,Chinese,ChineseF,English,Japanese,Korean,null
—————————————杂项—————————————————,,,,,,,,
迷因空间,Text,,迷因空间,迷因空間,MeMe Space,ミームスペース,밈 공간,
迷因碎片,Text,,迷因碎片,迷因碎片,Meme Collection,ミームコレクション,밈 조각,
新的开始,Text,,新的开始,新的開始,Start,開始,새로운 시작,
设置,Text,,设置,設置,Setting,設定,설정,
继续游戏,Text,,继续游戏,繼續遊戲,Continue,続ける,게임 계속하기,
全屏,Text,,全屏,全屏,Fullscreen,全画面,전체 화면,
窗口,Text,,窗口,窗口,Window,ウィンドウ,창 모드,
音量,Text,,音量,音量,Volume,音量,음량,
退出,Text,,退出,退出,Exit,終了,종료,
设置界面,Text,,设置界面,設置介面,Settings,設定画面,설정 화면,
语言,Text,,语言,語言,Language,言語,언어,
屏幕,Text,,语言,螢幕,Screen,画面,언어,
音乐鉴赏,Text,,音乐鉴赏,音樂鑑賞,Music Appreciation,音楽鑑賞,음악 감상,
取消,Text,,取消,取消,Cancel,キャンセル,취소,
确定,Text,,确定,確定,Confirm,確定,확인,
离开迷因漫游吗,Text,,离开迷因漫游吗,離開迷因漫遊嗎,Leave the meme roaming?,ミームの漫游を離れますか？,밈 방랑을 떠나시겠습니까,
离开音乐鉴赏屋吗,Text,,离开音乐鉴赏屋吗,離開迷因漫遊嗎,Leave the meme roaming?,ミームの漫游を離れますか？,음악 감상실을 떠나시겠습니까,
已经有存档了哦，确认开始新的游戏吗,Text,,已经有存档了哦，想要开始新的游戏吗？,已經有存檔了哦，想要開始新的遊戲嗎？,You already have a save. Start a new game anyway?,セーブデータがありますよ。新しく始めますか？,이미 저장된 게임이 있어요. 새로운 게임을 시작할까요?,
没有找到存档，是否开始新游戏？,Text,,没有找到存档，是否开始新游戏？,未找到存檔，是否開始新遊戲？,No save data found. Start a new game?,セーブデータが見つかりません。新しいゲームを開始しますか？,저장된 게임을 찾을 수 없어요. 새로운 게임을 시작할까요?,
添加愿望单,Text,,添加愿望单,加入願望單,Add to Wishlist,ウィッシュリストに追加,위시리스트에 추가,
对话回顾,Text,,对话回顾,對話回顧,Dialogue Log,会話ログ,대화 기록,
回顾,Text,,回顾,回顧,Log,ログ,되돌아보기,
回放选项,Text,,选项,選項,Choice,選択,선택지,
—————————————迷因房间描述—————————————————,,,,,,,,
白色房间,Text,,白色房间,白色房間,WhiteRoom,白い部屋,하얀 방,
白色房间的描述,Text,,白光缓缓浮现\n意识从沉眠中被唤醒\n等待着第一个指令\n\n这里是起点\n一切从这里出生\n\n向前走\n新的旅途在眼前铺开,白光緩緩浮現\n意識從沉眠中被喚醒\n等待著第一個指令\n\n這裡是起點\n一切從這裡出生\n\n向前走\n新的旅途在眼前鋪開,White light slowly emerges\nConsciousness awakens from slumber\nAwaiting the first command\n\nThis is the beginning\nWhere all things are born\n\nMove forward\nA new journey unfolds before you,白い光がゆっくりと浮かび上がる\n意識が眠りから呼び覚まされる\n最初の指令を待っている\n\nここが始まりの場所\nすべてがここから生まれる\n\n前へ進もう\n新しい旅が目の前に広がる,하얀 빛이 천천히 떠오른다\n의식이 잠에서 깨어난다\n첫 번째 명령을 기다리고 있다\n\n여기가 시작점\n모든 것이 여기서 태어난다\n\n앞으로 나아가라\n새로운 여정이 눈앞에 펼쳐진다,
开始,Text,,开始,開始,Start,開始,시작,
迷因锚点白色房间,Text,,迷因锚点：白色房间,迷因錨點：白色房間,Meme Anchor: White Room,ミームアンカー：白い部屋,밈 앵커: 하얀 방,
风车花平原,Text,,风车花平原,風車花平原,Flower Plains,風車花平原,바람개비꽃 평원,
风车花平原的描述,Text,,响起旋律的平原上\n是失去了宝物我们\n\n那么带上背包\n踏上寻找宝物的旅途\n\n我们会在旅途中相遇\n我们会在寻找宝物的途中\n创造新的故事,響起旋律的平原上\n是失去了寶物的我們\n\n那麼帶上背包\n踏上尋找寶物的旅途\n\n我們會在旅途中相遇\n我們會在尋找寶物的途中\n創造新的故事,On the plains\nwhere melodies drift\nwe are the ones\nwho lost the treasure.\n\nTake Our packs.\nSet out to find it.\nWe will meet on the road.\nWe will make new stories\nalong the way.,旋律が響く平原の上で\n宝物を失った私たち\n\nさあ、バックパックを背負って\n宝物を探す旅に出よう\n\n旅の途中で出会い\n宝物を探す途中で\n新しい物語を創る,선율이 울려 퍼지는 들판 위\n보물을 잃어버린 우리\n\n그러니 배낭을 메고\n보물을 찾는 여정을 떠나자\n\n우리는 여정 속에서 만나고\n보물을 찾는 길 위에서\n새로운 이야기를 만들어 갈 것이다,
进入原野,Text,,进入原野,進入原野,To the Field,原野に入る,들판으로 나아가다,
迷因锚点风车花平原,Text,,迷因锚点：风车花平原,迷因錨點：風車花平原,Meme Anchor:Flower Plains,ミームアンカー：風車花平原,밈 앵커: 바람개비꽃 평원,
电梯,Text,,电梯,電梯,Elevator,エレベーター,엘리베이터,
电梯的描述,Text,,我把自己\n囚禁在阴暗的角落\n\n直到那一天\n我看到了那一束光\n\n它照亮了我的生命,我把自己\n囚禁在陰暗的角落\n\n直到那一天\n我看到了那一束光\n\n它照亮了我的生命,I trapped myself\nin a dark corner.\n\nUntil that day\nI saw a light.\n\nIt brightened my life.,私は自分を\n暗い隅に閉じ込めた\n\nあの日まで\nその一筋の光を見た\n\nそれが私の人生を照らした,나는 스스로를\n어두운 구석에 가두었다\n\n그 날이 오기 전까지\n나는 한 줄기 빛을 보았다\n\n그 빛이 내 삶을 밝혀 주었다,
操作电梯,Text,,操作电梯,操作電梯,Operate,操作する,엘리베이터 조작,
迷因锚点无人在意的角落,Text,,迷因锚点：无人在意的角落,迷因錨點：無人在意的角落,Meme Anchor: Forgotten corner,ミームアンカー：誰にも気づかれない片隅,밈 앵커: 아무도 눈길을 주지 않는 구석,
海边站台,Text,,海边站台,海邊站台,Seaside Platform,海辺のプラットフォーム,해변 플랫폼,
海边站台的描述,Text,,废弃的站台延伸向海面\n疲惫的旅人在此歇息\n\n手握泛黄的车票\n乘坐银河的列车\n踏入消失在夜空里的未来\n\n星光消散，夜色的海风轻拂\n旅人的梦从未远去,廢棄的站臺延伸向海面\n疲憊的旅人在此歇息\n\n手握泛黃的車票\n乘坐銀河的列車\n踏入消失在夜空裡的未來\n\n星光消散，夜色的海風輕拂\n旅人的夢從未遠去,An abandoned platform\nreaches toward the sea.\nA weary traveler rests.\nWith an old ticket\n board the galactic train\nlost in the night.\nStarlight fades.\nThe sea breeze moves softly.\nThe traveler’s dream never drifts far.,廃れた月台は海へと伸びていく\n疲れた旅人たちはここで休む\n\n色あせたチケットを手に握り\n銀河列車に乗り込み\n夜空に消えた未来へ踏み出す\n\n星明かりが消え、夜の海風がそっと吹き抜ける\n旅人の夢は決して遠く離れない,"버려진 플랫폼은 바다 위로 뻗어 있고\n지친 나그네는 그곳에서 잠시 쉬어 간다\n\n바랜 승차권을 손에 쥔 채\n은하의 열차에 몸을 싣고\n밤하늘 속으로 사라지는 미래로 발을 내딛는다\n\n별빛은 흩어지고, 밤빛 바닷바람이 살며시 불어오면\n나그네의 꿈은 결코 멀리 떠나지 않는다",
坐下歇息,Text,,坐下歇息,坐下歇息,Sit and rest,座って休む,앉아서 쉬기,
海边站台地图的描述,Text,,归途的站台横亘在海边\n铁轨像光的脉络延伸向远方\n\n海风吹拂木板的回声\n\n微光在潮湿空气中漂浮\n\n每一节轨道都通向未知的深蓝,歸途的站台橫亙在海邊\n鐵軌像光的脈絡延伸向遠方\n\n海風吹拂木板的回聲\n\n微光在潮溼空氣中漂浮\n\n每一節軌道都通向未知的深藍,The platform of the return journey\nstretches by the sea\nTracks stretch outward \nlike veins of light.\nWind through wood.\nFaint light in wet air.\nEach section of track\nleads into\nthe unknown deep blue,帰路のプラットフォームは海辺にある。\n線路は光の脈のように遠くへ伸びる。\n海風が木板の響きを運ぶ。\n\n微かな光が湿った空気に漂う。\n\nすべての線路は未知の青へ続く。,귀향의 플랫폼이 바닷가에 가로놓여 있다\n철로는 빛의 맥락처럼 먼 곳으로 뻗어나간다\n\n바닷바람이 나무판자 위에 울림을 남기고\n\n희미한 빛이 축축한 공기 속을 떠돌며\n\n모든 레일은 알 수 없는 깊은 남색으로 이어진다,
迷因锚点海边站台,Text,,迷因锚点：海边站台,迷因錨點：海邊站台,Meme Anchor: Seaside Platform,ミームアンカー：海辺のプラットフォーム,밈 앵커: 바닷가 플랫폼,
前往海边,Text,,前往海边,前往海邊,Go to SeaSide,海に向かう,바닷가로 향하다,
宇宙老鼠,Text,,宇宙老鼠,宇宙老鼠,Space Mouse,宇宙ネズミ,우주 쥐,
宇宙老鼠的描述,Text,,老鼠飞上了宇宙\n\n冲破狭小的囚笼\n冲出重力的束缚\n\n去寻找浩瀚太空里\n梦中的奶酪星球\n\n那是老鼠最初的梦想,老鼠飛上了宇宙\n\n衝破狹小的囚籠\n衝出重力的束縛\n\n去尋找浩瀚太空裡\n夢中的奶酪星球\n\n那是老鼠最初的夢想,The mouse flies into space\nEscaping from its cage\nBreaking free of gravity\n\nAcross the cosmic sea\nIt chases what it dreamed\nA distant cheese-filled gleam\nThat was the mouse’s\nfirst dream,ネズミは宇宙へ飛び立つ\n\n狭い檻を突き破り\n重力の束縛から抜け出し\n\n広大な宇宙の中で探しに行く\n夢に見たチーズの惑星を\n\nそれはネズミの最初の夢だった,쥐가 우주로 날아올랐다\n\n좁은 감옥을 뚫고\n중력의 사슬을 끊고\n\n광활한 우주 속에서\n꿈속의 치즈 행성을 찾아\n\n그것이 쥐의 처음이자 마지막 꿈이었다,
前往宇宙,Text,,飞往宇宙,飛往宇宙,Fly to Space,宇宙へ飛ぶ,우주를 향해,
迷因锚点半人马座阿尔法,Text,,迷因锚点：半人马座阿尔法,迷因錨點：半人馬座阿爾法,Meme Anchor: Alpha Centauri,ミームアンカー：ケンタウルス座アルファ,밈 앵커 포인트：알파 센타우리,
怪猫石像,Text,,怪猫石像,怪貓石像,Cat Statue,怪猫の像,괴묘 석상,
怪猫石像的描述,Text,,怪猫石像在月下沉睡\n凝视着未来\n\n赤眼将从天边降临\n带来毁灭\n穿越时间的界限\n抵达遥远的过去\n\n预言将指引你\n寻找拯救世界的钥匙,怪貓石像在月下沉睡\n凝視著未來\n\n赤眼將從天邊降臨\n帶來毀滅\n穿越時間的界限\n抵達遙遠的過去\n\n預言將指引你\n尋找拯救世界的鑰匙,The monster cat statue sleeps\n under the moon\nStaring into the future\nThe red eye will descend from the horizon\nBringing destruction\nCrossing the bounds of time\nArriving in the distant past\nThe prophecy will guide you\nTo find the key\n to save the world,怪猫の石像は月の下で眠り\n未来を見つめている\n\n赤い目が地平線から降り注ぎ\n破滅をもたらす\n時間の境界を越えて\n遠い過去に辿り着く\n\n予言があなたを導き\n世界を救う鍵を探す,괴묘 석상은 달빛 아래 잠든다\n미래를 응시하며\n\n붉은 눈이 하늘 끝에서 내려오리니\n파멸을 가져오고\n시간의 경계를 넘어\n먼 과거에 닿으리라\n\n예언이 너를 인도하리니\n세상을 구할 열쇠를 찾아라,
触摸,Text,,触摸,觸摸,Touch,触れる,터치,
迷因锚点后山的神社,Text,,迷因锚点：后山的神社,迷因錨點：後山的神社,Meme Anchor: Shrine on the Back Hill,ミームアンカー：裏山の神社,,
稻草人的梦,Text,,稻草人的梦,稻草人的夢,Scarecrow's Dream,かかしの夢,허수아비의 꿈,
稻草人的梦的描述,Text,,田埂上风轻轻摇\n稻草人的影子在春雨里拉长\n夏日的热风卷起破布\n秋天的谷香随风消散\n冬雪覆盖了肩膀和旧帽\n\n它做了一个梦\n很长很长的梦\n梦里有鸟，有风，也有远方的光,田埂上風輕輕搖\n稻草人的影子在春雨裡拉長\n夏日的熱風捲起破布\n秋天的谷香隨風消散\n冬雪覆蓋了肩膀和舊帽\n\n它做了一个夢\n很長很長的夢\n夢裡有鳥，有風，也有遠方的光,The wind sways the ridges\nSpring rain{c} long shadows\nSummer heat stirs cloth\nAutumn drifts in grain scent\nWinter snow on shoulders\n\nIt had a dream\nA very long dream\nBirds{c} wind{c} \nand distant light,田んぼの畦道で風がそっと揺れ\nかかしの影が春雨の中で伸びる\n夏の熱風がぼろ布を巻き上げ\n秋の稲の香りは風と共に消える\n冬の雪が肩と古い帽子を覆う\n\nそれは長い長い夢を見た\n夢の中には鳥がいて、風があり、遠くの光もあった,"논두렁 위로 바람이 살랑이고\n허수아비의 그림자는 봄비 속에 길게 늘어나\n여름의 뜨거운 바람이 헝겊을 날리고\n가을의 곡식 향기는 바람과 함께 흩어지며\n겨울 눈이 어깨와 낡은 모자를 덮네\n\n그것은 꿈을 꾸었다\n아주 길고 긴 꿈을\n꿈속에는 새도 있고, 바람도 있고, 먼 곳의 빛도 있었다",
漫步,Text,,漫步,漫步,Stroll,散歩,산책하기,
迷因锚点田埂,Text,,迷因锚点：田埂,迷因錨點：田埂,Meme Anchor: Ridge,ミームアンカー：田んぼの畦道,,
绿色世界,Text,,绿色世界,綠色世界,Green World,緑の世界,초록의 세계,
绿色世界的描述,Text,,废墟消失，世界被绿色吞没\n生命的尽头，也是新的起点\n\n踏入无尽的绿意\n你的呼吸，被它温柔包裹\n\n它邀请你去聆听，去融入\n当你回应时\n也将化作这片绿色的一部分,廢墟消失，世界被綠色吞沒\n生命的盡頭，也是新的起點\n\n踏入無盡的綠意\n你的呼吸，被它溫柔包裹\n\n它邀請你去聆聽，去融入\n當你回應時\n也將化作這片綠色的一部分,The ruins fade\nthe world turns green\nThe end of life\na quiet beginning\nStep into endless green\nEach breath wrapped\n inits hush\nIt calls you to listen\nAnd when you answer\nYou are part of the green,廃墟は消え\n世界は緑に飲み込まれる\n命の終わりは\n新たな始まりでもある\n\n果てしない緑に足を踏み入れ\n呼吸ごとに優しく包まれる\n耳を傾け、溶け込むよう招く\nあなたが応えるとき\nその緑の一部となる,"폐허는 사라지고, 세계는 초록에 잠겼다\n생명의 끝은, 동시에 새로운 시작\n\n끝없는 초록 속으로 발을 내딛으면\n너의 숨결은, 그것에 부드럽게 감싸인다\n\n그것은 너를 초대한다—귀 기울이고, 스며들라고\n네가 응답하는 순간\n너 또한 이 초록의 일부가 되어간다",
绿色,Text,,绿色,綠色,Green,緑,초록,
迷因锚点绿色世界,Text,,迷因锚点：绿色世界,迷因錨點：綠色世界,Meme Anchor: Green World,ミームアンカー：緑の世界,밈 앵커: 초록의 세계,
藏书楼,Text,,星辰藏书楼,星辰藏書樓,Starlit Archive Tower,星辰の蔵書楼,별빛 서고,
藏书楼的描述,Text,,星辰之塔矗立在街道上\n\n她从某个未知世界而来\n在淡蓝色的光影中\n悄然等待\n\n推开大门……\n这一刻，一定是\n命运的相遇,星辰之塔矗立在街道上\n\n她從某個未知世界而來\n在淡藍色的光影中\n悄然等待\n\n推開大門……\n這一刻，一定是\n命運的相遇,The Tower of Stars stands tall on the street\n\nShe comes from unknown world\nSilently waiting in pale blue light and shadow\n\nPush open the door……\nThis moment{c} must be a fateful encounter,星辰の塔が通りにそびえ立つ\n\n彼女は未知の世界\nからやってきた\n淡い青の光と影の中で\n静かに待つ\n\n大扉を開けると……\nこの瞬間、必ず\n運命の出会いが訪れる,"별의 탑이 거리 위에 우뚝 서 있다\n\n그녀는 알 수 없는 세계에서 왔다\n연한 푸른빛 그림자 속에서\n조용히 기다리며\n\n문을 밀어 열면……\n이 순간, 틀림없이\n운명의 만남",
推开大门,Text,,推开大门,推開大門,Open the Door,扉を開ける,문을 열다,
迷因锚点辰星藏书楼,Text,,迷因锚点：星辰藏书楼,迷因錨點：星辰藏書樓,Meme Anchor: Starlit Archive Tower,ミームアンカー：星辰の蔵書楼,밈 앵커：별빛 서고,
赛博地下室,Text,,赛博地下室,賽博地下室,Cyber Basement,サイバー地下室,사이버 지하실,
赛博地下室的描述,Text,,它有着硕大的身躯\n躲在赛博地下室\n总是咀嚼赛博木屑\n\n但是它更喜欢看赛博主播\n\n它是一只被主人遗弃的\n\n赛博甲虫,它有著碩大的身軀\n躲在賽博地下室\n總是咀嚼賽博木屑\n\n但是它更喜歡看賽博主播\n\n它是一隻被主人遺棄的\n\n賽博甲蟲,It has a massive body\nHiding in the cyber basement\nAlways chewing on cyber wood\n\nBut it prefers watching cyber streamers\n\nIt is a cyber beetle abandoned by its master,それは巨大な体を持ち\nサイバー地下室に隠れている\nいつもサイバー木くずを\n吸っている\n\nしかし、サイバーストリーマーを見る方が好きだ\n\nそれは主人に捨てられた\nサイバー甲虫だ。,거대한 몸집을 가진 그것은,
穿越赛博流,Text,,穿越赛博流,穿越賽博流,Cross the Cyber Stream,サイバーストリームを渡る,사이버 흐름을 가로질러,
迷因锚点赛博地下室,Text,,迷因锚点：赛博地下室,迷因錨點：賽博地下室,Meme Anchor: Cyber Basement,ミームアンカー：サイバー地下室,밈 앵커 포인트：사이버 지하실,
边界墙,Text,,边界墙,邊界牆,Boundary Wall,境界の壁,경계의 벽,
边界墙的描述,Text,,街道的终点，透明的墙\n有人说\n墙的另一侧通向新的世界\n也有人说\n那是禁忌与坠落的起点\n\n但无论如何\n只要你足够执着\n它终将回应,街道的終點，透明的牆\n有人說\n牆的另一側通向新的世界\n也有人說\n那是禁忌與墜落的起點\n\n但無論如何\n只要你足夠執著\n它終將回應,At the end of the street\nstands a transparent wall.\nSomeone say\nbeyond it lies a new world.\nOthers say\nit is the start of \ntaboo and fall.\nBut no matter what\nif you hold on\nit will answer you at last.,通りの終点、透明な壁\nある人は言う\n壁の向こう側は新しい世界へ\n通じていると\nまたある人は言う\nそこは禁忌と墜落の始まりだと\n\nしかしいずれにせよ\nあなたが十分に執着すれば\nそれは必ず応えてくれる,"거리가 끝나는 곳, 투명한 벽",
接触,Text,,接触,接觸,Touch,接触,접촉,
迷因锚点边缘之地,Text,,迷因锚点：边缘之地,迷因錨點：邊緣之地,Meme Anchor: Edgelands,ミームアンカー：辺境の地,밈 앵커 포인트：경계의 땅,
遗忘的大海,Text,,遗忘的大海,遺忘的大海,Forgotten sea,忘れられた海,잊혀진 바다,
遗忘的大海的描述,Text,,你知道吗\n我们所在的世界\n是由神明的记忆构成的哦\n\n神明住在遥远的\n开满鲜花的小岛上\n\n但是神明的记忆消失了\n所以我要去帮助它,你知道嗎\n我們所在的世界\n是由神明的記憶構成的喔\n\n神明住在遙遠的\n開滿鮮花的小島上\n\n但是神明的記憶消失了\n所以我要去幫助它,Did you know?\nThis world is woven\nfrom a god’s fading memories\nFar away on an island\nwhere flowers never cease to bloom\nthe god waits\nIts memories fall silent\nSo I will go\nand help it remember.,知ってる？\n私たちの世界は\n神さまの記憶でできているの\n\n神さまは遠く離れた\n花が咲き誇る小さな島に住んでいる\n\nでもその記憶は消えてしまった\nだから私が助けに行くの,알고 있어?\n우리가 사는 세계는\n신의 기억으로 이루어져 있어\n\n신은 저 멀리\n꽃이 가득 핀 작은 섬에 살고 있어\n\n그런데 신의 기억이 사라져버렸어\n그래서 내가 도우러 가는 거야,
乘上巨龟,Text,,乘上巨龟,乘上巨龜,Board,巨大な亀に乗る,거대한 거북이를 타고,
迷因锚点遗忘的大海,Text,,迷因锚点：遗忘的大海,迷因錨點：遺忘的大海,Meme Anchor: Forgotten Sea,ミームアンカー：忘れられた大海,밈 앵커: 잊혀진 바다,
深海电子城,Text,,深海电子城,深海電子城,Deep Cyber,深海電子都市,深海電子城 (심해 전자 도시),
深海电子城的描述,Text,,虚拟的主播偶像\n通过屏幕\n\n把世界上千千万万的人\n连接在了一起\n\n我推即我爱\n爱与恨，在假面之下交织,虛擬的主播偶像\n通過屏幕\n\n把世界上千千萬萬的人\n連接在了一起\n\n我推即我愛\n愛與恨，在假面之下交織,Virtual streamer idols\nThrough the screen\n\nConnect millions upon millions of people in the world\n\nI push and thus I love\nLove and hate intertwine beneath the mask,バーチャル配信アイドル\nスクリーンを通して\n\n世界中の何百万もの\n人々をつなぐ\n\n推すことは愛すること\n愛と憎しみは仮面の下で\n交錯する,"가상의 버추얼 아이돌이\n스크린을 통해\n\n세상의 수많은 사람들을\n하나로 이어주었다\n\n내가 사랑하는 건 곧 나 자신\n사랑과 증오는, 가면 아래 뒤엉킨다",
潜入,Text,,潜入,潛入,Infiltrate,潜入,잠입,
迷因锚点深海电子城,Text,,迷因锚点：深海电子城,迷因錨點：深海電子城,Meme Anchor: Deep Cyber,ミームアンカー：深海電子都市,밈 앵커：심해 전자 도시,
银河站台,Text,,银河站台,銀河站台,Galactic Platform,銀河プラットフォーム,은하 승강장,
银河站台的描述,Text,,那小而美丽的火车\n穿梭在翻飞于风中的\n银色的天之芒草里\n\n飞奔过银河之水\n及三角标的蓝白微光\n\n然后就那么永无止境地\n一直奔跑下去,那小而美麗的火車\n穿梭在翻飛於風中的\n銀色的天之芒草裡\n\n飛奔過銀河之水\n及三角標的藍白微光\n\n然後就那麼永無止境地\n一直奔跑下去。,That small{c} beautiful train\nran through the silver pampas grass\nswaying in the wind\nRacing across the waters of the Milky Way\nAnd the blue-and-white glow of the triangular marker\nAnd then{c}  endlessly\nIt keeps running,あの小さくて美しい列車は\n風に舞う銀色の天の草の中\nを走り抜け\n\n銀河の水を駆け抜け\n三角標の青白い微光を越えて\n\nそして、ただ永遠に\n走り続ける,그 작고 아름다운 기차는\n바람에 흩날리는\n은빛 하늘억새 사이를 가르며\n\n은하의 물줄기를 넘어\n삼각 표지의 청백한 미광을 지나\n\n그렇게 끝없이\n계속해서 달려간다,
进入列车,Text,,进入列车,進入列車,Board the train,列車に乗り込む,열차에 탑승,
迷因锚点银河站台,Text,,迷因锚点：银河站台,迷因錨點：銀河站台,Meme Anchor: Galactic Platform,ミームアンカー：銀河プラットフォーム,밈 앵커：은하 승강장,
废墟都市,Text,,废墟都市,廢墟都市,Ruined City,廃墟都市,폐허 도시,
废墟都市的描述,Text,,赤眼机器在废墟间徘徊\n影子在火光与烟雾中扭曲\n\n预言中的毁灭已经开始\n在生与死之间不断循环\n\n直到一道微光从废墟深处闪现\n带着尚未到来的希望,赤眼機器在廢墟間徘徊\n影子在火光與煙霧中扭曲\n\n預言中的毀滅已經開始\n在生與死之間不斷循環\n\n直到一道微光從廢墟深處閃現\n帶著尚未到來的希望,The red-eyed machine wanders among the ruins\nIts shadow twisting in firelight and smoke\nThe prophesied destruction has begun\nEndlessly cycling between life and death\nUntil a faint light flashes\nCarrying a hope yet to come,赤い目の機械が廃墟を彷徨う\n影は煙の中で歪む\n\n予言の破滅は今、始まり\n生死を巡り、光が差す\n\n廃墟から光が微かに閃き\n希望を運び、未来を照らす,붉은 눈의 기계들이 폐허를 배회하고\n그림자는 불빛과 연기 속에서 뒤틀린다\n\n예언 속 멸망이 마침내 시작되었다\n삶과 죽음 사이를 끝없이 순환하며\n\n그때 폐허 깊은 곳에서 희미한 빛이 깜빡이고\n아직 오지 않은 희망을 품은 채,
躲藏,Text,,躲藏,躲藏,Hide,隠れる,숨기,
迷因锚点废墟都市,Text,,迷因锚点：废墟都市,迷因錨點：廢墟都市,Meme Anchor: Ruined City,ミームアンカー：廃墟都市,밈 앵커：폐허 도시,
毁灭的未来,Text,,毁灭的未来,毀滅的未來,Future of Destruction,破滅の未来,,
毁灭的未来的描述,Text,,世界已经毁灭\n\n但希望仍在残垣间闪烁,世界已經毀滅\n\n但希望仍在殘垣間閃爍,The world has been\n\ndestroyed\n\nBut hope still flickers\n\n among the ruins,世界はすでに滅びた\n\nしかし希望は\n\n廃墟の間で\n\nまだ輝いている,,
音乐之间,Text,,音乐之间,音樂之間,Music Room,音楽の間,,
音乐之间的描述,Text,,我创造了这里所有的曲子\n\n但是比起不断的创作\n我更想借由声音\n将情感传递到你的心灵\n\n为了在将来的某一个时刻\n再次听到后\n\n回想起曾经的触动,我創造了這裡所有的曲子\n\n但是比起不斷的創作\n我更想藉由聲音\n將情感傳遞到你的心靈\n\n為了在將來的某一個時刻\n再次聽到後\n\n回想起曾經的觸動,I created all the music\nnot to create without end\nbut to send these sounds\ninto your heart\nso that someday\nwhen they return\nto your ears\nyou will remember\nhow you once felt,ここにあるすべての曲は\n私が創った\nけれど絶え間ない創作よりも\n音を通して\n感情をあなたの心に届けたい\nいつか未来のある瞬間に\n再び耳にしたとき\n\nかつてのときめきを思い\n出せるように,,
聆听,Text,,聆听,聆聽,Listen,聴く,,
迷因锚点音乐之间,Text,,迷因锚点：音乐之间,迷因錨點：音樂之間,Meme Anchor: Music Room,ミームアンカー：音楽の間,,
花火之夜,Text,,花火之夜,花火之夜,Night of Fireworks,花火の夜,,
花火之夜的描述,Text,,打上的花火\n点亮于夏日的夜空\n也点亮了心中的悸动\n\n光点闪烁\n这是最难忘的回忆\n\n时间仿佛停止\n这一刻，只属于我们,打上的花火\n點亮於夏日的夜空\n也點亮了心中的悸動\n\n光點閃爍\n這是最難忘的回憶\n\n時間彷彿停止\n這一刻，只屬於我們,Fireworks launched \ninto the sky\nlight up the summer night\nand ignite the flutter \nin our hearts\nSparks shimmer\nthis is the most unforgettable memory\nTime seems to stand still\nThis moment is ours alone,打ち上げられた花火が\n夏の夜空を照らし \n胸の高鳴りまでも照らす\n\n光が瞬き\nそれは最も忘れがたい記憶\n\n時が止まったかのように\nこの瞬間は\n私たちだけのもの,,
散步,Text,,散步,散步,Take a walk,散歩する,,
迷因锚点夏日海滩,Text,,迷因锚点：夏日海滩,迷因錨點：夏日海灘,Meme Anchor: Summer Beach,ミームアンカー：夏の海辺,,
千禧年,Text,,千禧年,千禧年,Millennium,ミレニアム,밀레니엄,
千禧年的描述,Text,,老旧的电脑机房里\n显像管的灯光闪烁跳跃\n\n在世纪末的交叠之时\n旧与新的事物相互碰撞\n\n畅聊冲浪于互联网\n我们即将踏入憧憬的未来,老舊的電腦機房裡\n顯像管的燈光閃爍跳躍\n\n在世紀末的交疊之時\n舊與新的事物相互碰撞\n\n暢聊衝浪於互聯網\n我們即將踏入憧憬的未來,In the old computer lab\nCRT lights flicker and fade\n\nAt the edge of a turning age\nOld meets new upon the stage\nChatting{c} drifting \nthrough the net\n\nToward a future \nwe haven’t met,古いコンピュータ室で\nブラウン管の光が\nちらつき跳ねる\n世紀末の交錯の時に\n古いものと新しいものが互いに衝突する\nインターネットで語り合い、サーフィンしながら\n私たちは憧れの未来へ踏み出そうとしている,낡은 컴퓨터실 안에서\n브라운관의 빛이 깜빡이며 춤춘다\n\n세기말의 경계가 겹치는 그 순간\n오래된 것과 새로운 것이 서로 부딪히고\n\n인터넷의 파도를 타며 이야기를 나누던 우리\n이제 막 동경하던 미래로 발을 내딛으려 한다,
选择可能性,Text,,选择可能性,選擇可能性,Choose a possibility,可能性を選ぶ,가능성을 선택하다,
迷因锚点千禧年,Text,,迷因锚点：千禧年,迷因锚点：千禧年,Meme Anchor: The Millennium,ミームアンカー：ミレニアム,밈 앵커：밀레니엄,
风起的小镇,Text,,风起的小镇,風起的小鎮,The Wind-Risen Town,風立つ町,,
风起的小镇的描述,Text,,小时候你一定幻想过\n和选择的伙伴一起踏上冒险\n\n走过风吹过的草丛\n穿过蜿蜒的小路\n跨过潺潺的小溪\n攀上微微起伏的丘陵\n\n踏上充满期待的冒险,小時候你一定幻想過\n和選擇的夥伴一起踏上冒險\n\n走過風吹過的草叢\n穿過蜿蜒的小路\n跨過潺潺的小溪\n攀上微微起伏的丘陵\n\n踏上充滿期待的冒險,When you were young\nyou must have imagined\nsetting off on an adventure with the partner\nwalking through grass\nFollowing winding paths\nCrossing quiet streams\nClimbing gentle hills\nstepping into an adventure\nfilled with anticipation,子どもの頃、\nきっと想像したはずだ\n選んだ仲間とともに\n冒険へ旅立つことを\n\n風に揺れる草むらを越え\n曲がりくねった小道を進み\nせせらぎの小川を渡り\nなだらかな丘を登っていく\n期待に満ちた冒険へ踏み出す,,
草丛,Text,,草丛,草叢,Grass thicket,草むら,,
迷因锚点风起的小镇,Text,,迷因锚点：风起的小镇,迷因錨點：風起的小鎮,Meme Anchor: Wind Town,ミームアンカー：風が立つ小さな町,,
星尘之屑,Text,,星尘之屑,星塵之屑,Stardust Fragments,星屑のかけら,,
星尘之屑的描述,Text,,漂浮在寂静的轨道上\n残骸在这片宙域缓缓旋转\n\n巨大的身影融于星尘之间\n\n仿佛在静静等待\n属于它的最后一次苏醒,漂浮在寂靜的軌道上\n殘骸在這片宙域緩緩旋轉\n\n巨大的身影融於星塵之間\n\n彷彿在靜靜等待\n屬於它的最後一次甦醒,Floating along \na silent orbit \nthe wreckage slowly turns within this stretch of space\n\na massive silhouette merges with stardust\n\nas if quietly waiting\nfor its final awakening,静かな軌道を漂い\n残骸がこの宙域でゆっくり\nと回転する\n\n巨大な影は星屑の中に\n溶け込み\n\n静かに待っているかのようだ\nそれが迎える最後の目覚めを,,
启动,Text,,启动,启动,Start,起動する,,
迷因锚点星尘之屑,Text,,迷因锚点：宙域S4,迷因錨點：宙域S4,Meme Anchor: Sector S4,ミームアンカー：宙域S4,,
沙漠机器人,Text,,沙漠机器人,沙漠機器人,Desert robot,砂漠のロボット,,
沙漠机器人的描述,Text,,la……la——\n绿……叶，微光……\n\n未来在——沙里……\nla……na……\n\n别……睡去\n别……消失\n你要长——大……大,la……la——\n綠……葉，微光……\n\n未來在——沙裡……\nla……na……\n\n別……睡去\n別……消失\n你要長——大……大,la……la——\nGreen... leaves\nsoft light...\n\nThe future is in the sand...\nla... na...\n\nDon't... fall asleep\nDon't... disappear\nYou must grow... grow,ラ……ラ——\n緑の...葉、微かな光...\n未来は...砂の中に...\nラ...ラ...\n\n眠らないで\n消えないで\nあなたはもっと...\nもっと大きくなって,,
歌唱,Text,,歌唱,歌唱,Sing,歌う,,
迷因锚点沙漠机器人,Text,,迷因锚点：沙原荒漠,迷因錨點：沙原荒漠,Meme Anchor: Desert Wasteland,ミームアンカー：砂原荒漠,,
46亿年的梦,Text,,46亿年的梦,46億年的夢,Dream of 4.6 Billion Years,46億年の夢,46억 년의 꿈,
46亿年的梦的描述,Text,,跨越了46亿年的演化\n\n生命从水下来到了陆地\n从陆地冲向了天空\n生命的火种不断延续\n化作一场跨越46亿年的梦\n\n不断进化的我们\n终将抵达理想的伊甸,跨越了46億年的演化\n生命從水下來到了陸地\n從陸地衝向了天空\n生命的火種不斷延續\n化作一場跨越46億年的夢\n\n不斷進化的我們\n終將抵達理想的伊甸,Across 4.6 billion years of evolution\nlife rose from the sea\nfrom land to the sky\nthe spark flows endlessly\nbecoming a dream that spans 4.6 billion years\n\nwe who continue to evolve\ntoward Eden ahead,46億年を超える進化の果てに\n生命は水中から陸へと上がり\n陸から空へと駆け上がった\n命の火種は途切れることなく\n受け継がれ\n46億年を越える\nひとつの夢となった\n進化し続ける私たちは\nやがて理想のエデンへ\nと辿り着く,46억 년을 가로지른 진화\n\n생명은 물속에서 육지로 올라왔고\n육지에서 하늘을 향해 날아올랐다\n생명의 불씨는 꺼지지 않고 이어져\n46억 년을 넘나드는 하나의 꿈이 되었다\n\n끊임없이 진화하는 우리는\n언젠가 반드시 이상의 에덴에 닿으리,
演化,Text,,演化,演化,Evolution,進化,진화,
迷因锚点遥远的梦境,Text,,迷因锚点：遥远的梦境,迷因錨點：遙遠的夢境,Meme Anchor: Distant Dream,ミームアンカー：遠い夢の中,밈 앵커: 아득한 꿈의 경계,
灵魂献祭,Text,,永劫轮回魔法师,永劫輪迴魔法師,Mage of Eternal Recurrence,永劫輪廻の魔法使い,,
灵魂献祭的描述,Text,,如果想要实现愿望\n就需要付出对应的代价\n\n这是出卖灵魂的交易\n但在这个破碎的世界里\n\n这就是生存法则\n\n——无名的魔法师,如果想要实现愿望\n就需要付出对应的代价\n\n这是出卖灵魂的交易\n但在这个破碎的世界里\n\n这就是生存法则\n\n——无名的魔法师,If you want to \nfulfill a wish\nYou must pay the corresponding price\nThis is a transaction of selling your soul\nBut in this broken world\nThis is the law of survival\n\n——The nameless wizard,願いをかなえたいのなら\n対応する代償を\n払わなければならない\n\nこれは魂を売る取引だ\nしかしこの壊れた世界では\n\nこれが生存の法則だ\n\n——名もなき魔法使い,,
交易,Text,,交易,交易,Trade,とりひき,,
迷因锚点荒野深处,Text,,迷因锚点：荒野深处,迷因錨點：荒野深處,Meme Anchor: Deep Wilderness,ミームアンカー：荒野の奥深く,미믹 앵커：황야의 심연,
沙漠村庄,Text,,沙漠村庄,沙漠村莊,Desert Village,砂漠の村,사막 마을,
沙漠村庄的描述,Text,,追逐流星的人们穿越了\n漫长而无名的荒原\n\n最终他们来到了流星坠落之处\n于是在这片沙漠里\n\n他们居住了下来\n建造了一个小小的聚落,追逐流星的人們穿越了\n漫長而無名的荒原\n\n最終他們來到了流星墜落之處\n於是在這片沙漠裡\n\n他們居住了下來\n建造了一個小小的聚落,Chasing a falling star\nthey crossed\na long and nameless wilderness.\nAt last{c} they arrived \nwhere the star had fallen.\nAnd there{c} in the desert\n\nthey chose to stay\nand built a small settlement,流れ星を追いかけて、\n彼らは\n長く名もなき荒野を越えた。\nやがて星の落ちた場所へと\n辿り着く。\nそしてその砂漠で、\n\n彼らは腰を下ろし、\n小さな集落を築いた。,별똥별을 쫓던 사람들이\n길고 이름 없는 황야를 건너\n\n마침내 별이 떨어진 곳에 닿았다\n그리하여 이 사막 위에\n\n그들은 머물렀고\n작은 마을 하나를 일구었다,
眺望,Text,,眺望,眺望,Overlook,遠望,먼 곳을 바라보며,
迷因锚点沙漠村庄,Text,,迷因锚点：沙漠村庄,迷因錨點：沙漠村莊,Meme Anchor: Desert Village,ミームアンカー：砂漠の村,밈 앵커：사막 마을,
封闭的大门,Text,,封闭的大门,封閉的大門,Closed door,閉ざされた扉,닫힌 문,
封闭的大门的描述,Text,,于深海捞取闪烁的梦想\n在梦境采掘悠久的回忆\n预言跨越于时光的两极\n\n而她亲手把纯白放入你的掌心\n待银河潮汐推来宇宙的回响\n\n封闭的大门将会化作\n通往辰星的螺旋,於深海捞取閃爍的夢想\n在夢境采掘悠久的回憶\n預言跨越於時光的兩極\n\n而她親手把純白放入你的掌心\n待銀河潮汐推來宇宙的回響\n\n封閉的大門將會化作\n通往辰星的螺旋,Hauling shimmering dreams\n from the deep\nMining ancient memories\nProphecies span the poles of time\n\nShe places pure white in your palm\nWaiting for galactic tides to carry the universe’s echoes.\nThe sealed door will transform\ninto a spiral\nleading to the stars,深海からきらめく夢を掬い上げ\n夢境で悠久の記憶を掘り起こし\n予言は時の両極を越えていく\n\nそして彼女は純白を\n自らあなたの掌に託し\n銀河の潮汐が宇宙の反響を\n運ぶのを待つ\n\n閉ざされた扉はやがて姿を変え\n星辰へと続く螺旋となる,깊은 바다에서 반짝이는 꿈을 건져 올리고\n꿈속에서 오래된 기억을 캐어내며\n예언은 시간의 양극을 가로질러 흐른다\n\n그리고 그녀는 손수 순백을 네 손바닥에 올려놓았다\n은하의 조류가 우주의 메아리를 밀어올 때까지\n\n닫혀 있던 문은 이윽고\n별빛 별을 향한 나선으로 변해갈 것이다,
调查,Text,,调查,調査,Investigate,調査,조사,
迷因锚点封闭的大门,Text,,迷因锚点：封闭的大门,迷因錨點：封闭的大门,Meme Anchor: The closed gate,ミームアンカー：閉ざされた扉,미임 앵커 포인트：닫힌 문,
触碰回忆,Text,,触碰回忆,觸碰回憶,Touch the memory,記憶に触れる,기억을 건드리다,
迷因锚点起始之地,Text,,迷因锚点：起始之地,迷因錨點：起始之地,Meme Anchor: Place of Origin,ミームアンカー：始まりの地,,
未来的石像,Text,,未来的石像,未来的石像,The Stone Statue of the Future,未来の石像,,
未来的石像的描述,Text,,赤眼已经消失\n\n废墟之下\n是一尊残缺的怪猫石像\n\n仿佛在守护着\n\n不再属于这个时代的秘密,赤眼已经消失\n\n废墟之下\n是一尊残缺的怪貓石像\n\n仿佛在守护着\n\n不再属于这个时代的秘密,The red eyes have disappeared\nBeneath the ruins\nLies a broken strange cat statue\nAs if guarding\nA secret no longer belonging to this era,赤い目は消え去り\n\n廃墟の下に\n壊れた怪猫の石像がある\n\nまるで守っているかのように\n\nこの時代に属さない秘密を,,
触摸,Text,,触摸,觸摸,Touch,触れる,,
迷因锚点未来的石像,Text,,迷因锚点：未来的石像,迷因錨點：未來的石像,Meme Anchor: The Statue of the Future,ミームアンカー：未来の石像,,
过去的石像,Text,,过去的石像,過去的石像,The statue of the past,過去の石像,,
过去的石像的描述,Text,,跨越一万两千年的时间\n这是怪猫最为纯粹的时代\n\n它从遥远的宇宙\n来到这颗星球\n它真的很喜欢这里\n\n改变毁灭的未来\n让我们为怪猫\n送上最后的晚安,跨越一萬兩千年的時間\n這是怪貓最為純粹的時代\n\n它從遙遠的宇宙\n來到這顆星球\n它真的很喜歡這裡\n\n改變毀滅的未來\n讓我們為怪貓\n送上最後的晚安,Across twelve thousand years\nThe purest age appears\n\nFrom distant cosmic streams\nIt came{c} in quiet dreams\nIt loved this world so true\n\nTo change the doomed future\nLet us give the cat\nOne last good night,一万二千年を超えて\nこれは怪猫にとって最も\n純粋な時代\n\n遠い宇宙から\nこの星に来た\nここがとても気に入っている\n滅びゆく未来を変えて\n怪猫に\n最後のおやすみを送ろう,,
触摸,Text,,触摸,觸摸,Touch,触れる,,
迷因锚点过去的石像,Text,,迷因锚点：过去的石像,迷因錨點：过去的石像,Meme Anchor: Village of the Mountain Fiends,ミームアンカー：過去の石像,,
山怪之村,Text,,山怪之村,山怪之村,Village of Mountain Fiends,山怪の村,산괴의 마을,
山怪之村上的描述,Text,,“1月15日，晴”\n\n“胆小的我”\n“今天准备前往森林”\n“这次我想要证明我自己”\n“但是森林里好可怕”\n“时不时会传出可怕的叫声”\n“是山怪吗”,“1月15日，晴”\n\n“膽小的我”\n“今天準備前往森林”\n“這次我想要證明自己”\n“但是森林裡好可怕”\n“時不時傳來駭人的叫聲”\n“是山怪嗎”,“January 15{c} Sunny”\n\n“Timid as I am{c} today I’m heading into the forest”\n“This time{c}” \n“I want to prove myself”\n“Still… it’s terrifying”\n“Distant cries keep echoing”\n“Is that a mountain being?”,「1月15日、晴れ」\n\n「臆病な僕は」\n「今日森へ向かう」\n「今度こそ自分を証明したい」\n「でも森はとても怖い」\n「ときどき不気味な叫び声が聞こえる……」\n「山怪なのだろうか」,"""1월 15일, 맑음""\n\n""겁 많은 나는""\n""오늘 숲으로 향하기로 했다""\n""이번엔 내 자신을 증명하고 싶어""\n""하지만 숲속은 너무 무섭다""\n""때때로 섬뜩한 울음소리가 들려온다""\n""산괴일까""",
进入村子,Text,,进入村子,進入村子,Enter the village,村に入る,마을로 들어가다,
迷因锚点山怪之村,Text,,迷因锚点：山怪之村,迷因錨點：山怪之村,Meme Anchor: Village of Mountain Fiends,ミームアンカー：山怪の村,밈 앵커：산괴의 마을,
山怪之村中的描述,Text,,“1月17日，阴”\n\n“村子里最近有一个传闻”\n“好像有只胖兔子总是鬼鬼祟祟地在村子附近徘徊”\n“我走进森林里”\n“在林中的一片空地上”\n“我发现了一只长耳朵的山怪”,“1月17日，陰”\n\n“村子裡最近有個傳聞”\n“好像有隻胖兔子總是鬼鬼祟祟地在村子附近徘徊”\n“我走進森林裡”\n“在林中的一片空地上”\n“我發現了一隻長耳朵的山怪”,“January 17{c} Overcast”\n\n“A rumor’s been spreading”\n“A chubby rabbit”\n“near the village”\n“I followed it into the forest”\n“and{c} in a quiet clearing”\n“found a long-eared mountain being.”,「1月17日、くもり」\n\n「村で変な噂が立っている。」\n「太ったウサギが出るらしい。」\n「僕は森へ足を踏み入れた」\n「そして、奥の空き地で」\n「長い耳をした山怪を見つけた」,,
进入村子,Text,,进入村子,進入村子,Enter the village,村に入る,마을에 들어가기,
迷因锚点山怪之村,Text,,迷因锚点：山怪之村,迷因錨點：山怪之村,Meme Anchor: Village of Mountain Fiends,ミームアンカー：山怪の村,,
山怪之村下的描述,Text,,“1月22日，晴”\n\n“据说在森林的最深处有人发现了一座高大的建筑”\n“于是我再次进入森林”\n“穿过了灌木丛和林间小道”\n“在我的面前是一座石头建筑”\n“那里住着，山怪们的王”,“1月22日，晴”\n\n“據說在森林最深處，有人發現了一座高大的建築”\n“於是我再次走進森林”\n“穿過灌木與林間小徑”\n“在我面前矗立著一座石造建築”\n“那裡住著山怪們的王”,“January 22{c} Sunny”\n\n“A tall structure was found deep in the forest.”\n“So I went back in.”\n“Through shrubs and winding paths”\n“There is a stone building.”\n“The king of the mountain beings lives there.”,「1月22日、晴れ」\n\n「森の最深部で、」\n「高くそびえる建物が見つかったらしい」\n「僕は再び森へ向かった。」\n「茂みと林の小道を抜け」\n「石造りの建物が現れた。」\n「そこには山怪たちの王が住んでいる」,,
进入村子,Text,,进入村子,進入村子,Enter the village,村に入る,마을에 들어가기,
迷因锚点山怪之村,Text,,迷因锚点：山怪之村,迷因錨點：山怪之村,Meme Anchor: Village of Mountain Fiends,ミームアンカー：山怪の村,밈 앵커: 산괴의 마을,
山怪之村结局的描述,Text,,在远离人烟的边陲村落\n流传着山怪的传说\n\n山怪和人类\n两个不同的种族的故事\n\n在你的日记里被记录下来\n没错，这就是你的选择,在遠離人煙的邊陲村落\n流傳著山怪的傳說\n\n山怪與人類\n兩個不同種族的故事\n\n被你記錄在日記裡\n沒錯，這就是你的選擇,In a remote village\n far from any crowds\nThere are legends of mountain beings\nMountain beings and humans\nA story of \ntwo different races\nRecorded within your journal\nYes{c} this is your choice,人里離れた辺境の村で\n山の怪物の伝説が語り\n継がれている\n\n山怪と人間\n異なる二つの種族の物語\nそれはあなたの日記に\n記されている\nそう、これがあなたの選択だ,"사람의 발길이 닿지 않는 변방의 마을에\n산괴에 관한 전설이 흘러내려왔다\n\n산괴와 인간\n서로 다른 두 종족의 이야기가\n\n너의 일기 속에 기록되어 있다\n그래, 이것이 바로 네가 선택한 것",
进入村子,Text,,进入村子,進入村子,Enter the village,村に入る,마을로 들어가기,
迷因锚点山怪之村,Text,,迷因锚点：山怪之村,迷因錨點：山怪之村,Meme Anchor: Village of Mountain Fiends,ミームアンカー：山怪の村,밈 앵커: 산괴의 마을,
迷因锚点音乐鉴赏屋,Text,,迷因锚点：音乐鉴赏屋,迷因錨點：音樂鑑賞屋,Meme Anchor: Music Listening Room,ミームのアンカー：音楽鑑賞室,,
—————————————迷因子描述—————————————————,,,,,,,,
归途的信,Text,,归途的信,歸途的信,Letter of Return,帰途の手紙,귀향의 편지,
迷因子归途的信的描述,Text,,无人在意的角落里\n有一封被遗落的信件\n\n微光从远处落下\n照亮了它的边缘\n\n这里是某段旅途的停靠点\n也是通向归途的起点,無人在意的角落裏\n有一封被遺落的信件\n\n微光從遠處落下\n照亮了它的邊緣\n\n這裏是某段旅途的停靠點\n也是通向歸途的起點,In an unnoticed corner{c}\na forgotten letter rests.\n\nA distant glimmer falls\ntouching its edges.\n\nHere lies a pause in the journey\nand the first step toward home,誰にも気づかれない片隅に\n忘れられた手紙がある。\n\n遠くから微かな光が落ち\nその縁をそっと照らす。\n\nここは旅の途中の停留点。\n ここはある旅の停泊地であり\nそして、帰路へ向かう始まり。,아무도 눈길 주지 않는 구석에,
拾取,Text,,拾取,拾取,Pick Up,拾う,줍기,
迷因子归途的信,Text,,迷因子：归途的信,迷因子：歸途的信,Meme Fragment: Letter of Return,ミーム粒子：帰途の手紙,밈 조각：귀향의 편지,
旧钓竿,Text,,旧钓竿,旧钓竿,Old fishing rod,ボロのつりざお,낡은 낚싯대,
旧钓竿的描述,Text,,好用的钓竿\n\n厉害的钓竿\n\n不如这根顺手的\n\n老旧钓竿,好用的釣竿\n\n厲害的釣竿\n\n不如這根順手的\n\n老舊釣竿,Good Rod.\n\nSuper Rod.\n\nBut none feel quite as right\n\nas this Old Rod.,いいつりざお。\n\nすごいつりざお。\n\nでも、\nいちばん手になじむのは\n\nこのボロのつりざお。,쓸 만한 낚싯대\n\n대단한 낚싯대\n\n그래도 이게 제일 손에 익어\n\n낡고 오래된 낚싯대,
拾取,Text,,拾取,拾取,Pick Up,拾う,줍기,
迷因子海岸线的沙滩,Text,,迷因子：海岸线的沙滩,迷因子：海岸線的沙灘,Meme Fragment: The beach along the coastline,ミーム粒子：海岸線のビーチ,미임자：해안선의 모래사장,
月光石,Text,,月光石,月光石,Moonstone,月長石,달빛돌,
月光石的描述,Text,,沙漠中的月光石\n\n从遥远的宇宙之外\n\n降落到地表\n\n埋藏在沙子里的月色光辉\n\n诉说着一段古老的预言,沙漠中的月光石\n\n從遙遠的宇宙之外\n\n降落到地表\n\n埋藏在沙子中的月色光輝\n\n訴說著一段古老的預言,The moonstone in the desert\nFalls from the distant universe\nAnd lands on the earth\n\nThe moonlight \nburied in the sand\n\nTells an ancient prophecy,砂漠の月光石\n\n遠い宇宙の彼方から\n\n地表に降り立ち\n\n砂の中に埋もれた月明かり\n\n古代の予言を語る,사막의 달빛돌\n\n먼 우주 저편에서\n\n지표면으로 내려와\n\n모래 속에 잠든 달의 빛\n\n오래된 예언을 속삭인다,
拾取,Text,,拾取,拾取,Pick Up,拾う,줍기,
迷因子月光石,Text,,迷因子：月光石,迷因子：月光石,Meme Fragment: Moonstone,ミーム粒子：月長石,미인자：달빛돌,
抽奖机,Text,,抽奖机,抽獎機,Lottery machine,抽選機,,
抽奖机的描述,Text,,一枚硬币抽一次奖\n无论是崭新的\n还是老旧的\n\n如果硬币不够的话\n用硬币形状的\n也可以来试试,一枚硬幣抽一次獎\n無論是嶄新的\n還是老舊的\n\n如果硬幣不夠的話\n用硬幣形狀的\n也可以來試試,One coin to draw once\nIt can be either\nBrand new or old\n\nIf there aren't enough coins\nYou can also try using one in the shape of a coin,1枚の硬貨で1回抽選\n新しいものでも\n古いものでも大丈夫\n\n硬貨が足りない場合\n硬貨の形をしたものを\n使ってみてもいい,,
凑过去,Text,,凑过去,湊過去。,Move closer.,近づいていく,,
迷因子抽奖机,Text,,迷因子：抽奖机,迷因子：抽獎機,Meme Fragment: Lottery machine,ミーム粒子：抽選機,,
回忆碎片,Text,,回忆碎片,回憶碎片,Memory Shards,記憶の欠片,,
回忆碎片的描述,Text,,回忆在梦境中散落\n有些被埋藏在记忆中的\n被遗忘了的回忆\n在梦境中会再次唤醒\n\n轻轻地拾取它们\n那是属于你的宝物,回憶在夢境中散落\n有些被埋藏在記憶中的\n被遺忘的回憶\n在夢境中會再次甦醒\n\n輕輕拾起它們\n那是屬於你的寶物,Memories lie scattered within dreams\nSome buried deep in your mind\nForgotten fragments of the past\nAwaken once more in dreams\nGently gather them\nThey are treasures that belong to you,夢の中に記憶は散らばり\nそのいくつかは\n記憶の奥に埋もれ\n忘れ去られた思い出は\n夢の中で再び目を覚ます\n\nそっと拾い集めていく\nそれはあなたの宝物だ,,
拾取,Text,,拾取,,Pick Up,拾う,줍기,
迷因子回忆碎片,Text,,迷因子：回忆碎片,迷因子：回忆碎片,Meme Fragment: Memory Shards,ミーム粒子：記憶の欠片,,
迷因子崭新硬币,Text,,迷因子：崭新硬币,迷因子：嶄新硬幣,Meme Fragment: A brand new coin,ミーム粒子：真新しい硬貨,미믹 조각：새 동전,
崭新硬币,Text,,崭新硬币,嶄新硬幣,A brand new coin,真新しい硬貨,새 동전,
崭新硬币的描述,Text,,路边的缝隙里\n有个一闪一闪的物品\n\n好奇心让你驻足并蹲下\n\n于是你把手伸向缝隙\n\n你发现了...,路邊的縫隙裡\n有個一閃一閃的物品\n\n好奇心讓你駐足並蹲下\n\n於是你把手伸向縫隙\n\n你發現了...,In a crack by the roadside\nthere’s something flickering\n\ncuriosity makes you stop and crouch down\n\nso you reach your hand into the gap\n\nand you discover…,道端の隙間に\nきらきらと光るものがある\n\n好奇心に駆られて立ち止まり、しゃがみ込む\n\nそして隙間へと手を伸ばす\n\nそこであなたは見つけた…,길가의 틈새에\n무언가 반짝이고 있었다\n\n호기심이 너의 발걸음을 멈추게 했고\n너는 천천히 쪼그려 앉았다\n\n손을 뻗어 틈새 안으로\n\n그리고 너는 발견했다…,
拾取,Text,,拾取,拾取,Pick up,拾い上げる,줍기,
兔子山怪的礼物,Text,,山怪的礼物,山怪的禮物,Mountain Fiend's gift,山怪の贈り物,산괴의 선물,
兔子山怪的礼物的描述,Text,,森林小村落的外围\n\n有一个鬼鬼祟祟的身影\n它背着破麻袋\n长着一对长耳朵\n\n看看它在做什么,森林小村落的外圍\n\n有一個鬼鬼祟祟的身影\n它背著破麻袋\n長著一對長耳朵\n\n看看它在做什麼,On the outskirts of the forest village\n\nThere is a sneaky figure\nIt carries \na torn burlap sack\nAnd has a pair of long ears\n\nLet's see what it's doing,森の小さな村の外れ\n\n怪しい影があり\n破れた麻袋を背負い\n長い耳を持っている\n\nそれが何をしているのか\n見てみよう,"숲속 작은 마을의 외곽\n\n수상한 그림자 하나가 어슬렁거린다\n낡은 삼베 자루를 등에 지고\n긴 귀를 달고서\n\n저것이 무엇을 하는지, 한번 들여다볼까",
调查,Text,,调查,調查,Investigate,調べる,조사하기,
迷因子兔子山怪的礼物,Text,,迷因子：山怪的礼物,迷因子：山怪的禮物,Meme Fragment: Mountain Fiends's gift,ミーム因子：山怪の贈り物,미믹 조각：山怪의 선물,
熟悉的身影,Text,,熟悉的身影,熟悉的身影,A familiar figure,見覚えのある姿,,
熟悉的身影的描述,Text,,你在流星沙漠的聚落里\n\n遇到了一个熟悉的身影\n\n它带着背包\n\n从遥远的平原来到了这里,你在流星沙漠的聚落裡\n\n遇到了一個熟悉的身影\n\n它背著背包\n\n從遙遠的平原來到了這裡,In a settlement \nwithin the Meteor Desert\n\nyou encounter \na familiar figure\n\ncarrying a backpack\nwho came from \nthe flower plains,流星砂漠の集落で\n\n見覚えのある姿に出会った\n\nそれは背中に\nバックパックを背負い\n\n遠い平原から\nここまでやって来た,,
发现,Text,,发现,發現,Discover,発見,,
迷因子沙漠的兔子,Text,,迷因子：沙漠的luby,迷因子：沙漠的luby,Meme Fragment: Luby in Desert,ミーム因子：砂漠のルビー,,
—————————————地图描述—————————————————,,,,,,,,
下层街区,Text,,下层街区,下層街區,Lower District,下層街区,하층 거리,
下层街区的描述,Text,,充斥着迷因的空间\n这是下层的街区\n\n你在这里漫游\n寻找你所渴求的结果\n\n拥抱迷失，也发现归属,充斥著迷因的空間\n這是下層的街區\n\n你在這裡漫遊\n尋找你所渴求的結果\n\n擁抱迷失，也發現歸屬,A space filled with memes\nThis is the lower district\n\nYou wander here\nSearching for the outcome you desire\n\nEmbrace being lost and find a sense of belonging,ミームにあふれた空間\nここは下層の街区\n\nあなたはここを彷徨い\n求める結果を探す\n\n迷いを受け入れ\n帰属を見つける,"밈으로 가득 찬 공간\n여기는 하층의 거리\n\n너는 이곳을 떠돌며\n갈망하던 무언가를 찾아\n\n길 잃음을 껴안고, 귀속을 발견한다",
下层电梯间,Text,,下层电梯间,下層電梯間,Lower Elevator Hall,下層エレベーターホール,,
下层电梯间的描述,Text,,这是一个电梯间\n\n电梯连接着上层和下层\n\n因为有了电梯\n\n才得以连接这两个世界,這是一個電梯間\n\n電梯連接著上層和下層\n\n因為有了電梯\n\n才得以連接這兩個世界,This is an elevator hall\n\nThe elevator connects the upper and lower levels\n\nIt is because of the elevator\n\nThat these two worlds are connected,これはエレベーターホール\n\nエレベーターは\n上の階と下の階をつなぐ\n\nエレベーターがあるからこそ\n\nこの二つの世界がつながっている,,
上层电梯间,Text,,上层电梯间,上層電梯間,Upper elevator hall,上の階のエレベーターホール,위층 엘리베이터 홀,
上层电梯间的描述,Text,,这是一个电梯间\n\n电梯连接着上层和下层\n\n因为有了电梯\n\n才得以连接这两个世界,這是一個電梯間\n\n電梯連接著上層和下層\n\n因為有了電梯\n\n才得以連接這兩個世界,This is an elevator hall\n\nThe elevator connects the upper and lower levels\n\nIt is because of the elevator\n\nThat these two worlds are connected,これはエレベーターホール\n\nエレベーターは\n上の階と下の階をつなぐ\n\nエレベーターがあるからこそ\n\nこの二つの世界がつながっている,여기는 엘리베이터 홀\n\n엘리베이터는 위층과 아래층을 잇고\n\n그 연결 덕분에\n\n두 세계가 서로 닿아 있다,
回忆之地,Text,,回忆之地,回憶之地,The land of memories,記憶の地,기억의 땅,
回忆之地的描述,Text,,你依稀记得\n十几年前的那个\n\n夏日的午后\n那个房间的气息\n\n你知道\n这是属于你的回忆之地,你依稀記得\n十幾年前的那個\n\n夏日的午後\n那個房間的氣息\n\n你知道\n這是屬於你的回憶之地,You faintly remember\nThat summer afternoon\nFrom years ago\n\nThe scent of that room\nStill lingers in your mind\n\nYou know\nThis is where \nyour memories belong,かすかに思い出す\n十数年前のあの頃を\n\n夏の午後\nあの部屋の気配を\n\nこれはきっと\n君だけの記憶の場所,어렴풋이 기억한다\n십수 년 전의 그 날\n\n여름 오후의 빛\n그 방에 배어 있던 냄새\n\n넌 알고 있다\n이곳이 네 기억의 땅이라는 걸,
梦境,Text,,梦境,夢境,Dream,夢,꿈,
梦境的描述,Text,,浅色的梦境，明亮的梦境\n漂浮的梦境，闪烁的梦境\n空白的梦境，涌动的梦境\n空灵的梦境，绚烂的梦境\n\n潜入这些梦境\n触碰流动的光影\n\n在散落的梦境里\n寻找点点的回忆,淺色的夢境，明亮的夢境\n漂浮的夢境，閃爍的夢境\n空白的夢境，涌動的夢境\n空靈的夢境，絢爛的夢境\n\n潛入這些夢境\n觸碰流動的光影\n\n在散落的夢境裏\n尋找點點的回憶,Pale dream{c} Bright dreams\nFloat dream{c} Flicker dream\nBlank dream{c} surging dream\nMisty dream{c} dazzling dream\n\nDive into these dreams\nTouch the flowing \nlight and shadows\nIn the scattered dreams\nSeek the fragments of memories and traces of dreams,淡い夢、明るい夢\n浮かぶ夢、ちらつく夢\n白い夢、湧き上がる夢\n空虚な夢、華やかな夢\n\nこれらの夢に潜り込み\n流れる光と影に触れ\n\n散らばった夢の中で\n少しの思い出と夢の跡を探す,"연한 빛깔의 꿈, 밝게 빛나는 꿈\n떠도는 꿈, 깜빡이는 꿈\n텅 빈 꿈, 출렁이는 꿈\n아득한 꿈, 찬란한 꿈\n\n이 꿈들 속으로 잠겨들어\n흐르는 빛과 그림자를 손끝으로 건드리며\n\n흩어진 꿈의 조각들 사이에서\n작은 기억의 빛을 찾아헤맨다",
上层街区,Text,,上层街区,上層街區,Upper District,上層街区,,
上层街区的描述,Text,,充斥着迷因的空间\n你来到了上层街道\n\n你所追寻的答案\n在这里逐渐变得清晰\n在荒诞又温柔的精神空间里\n\n感受思考，并追寻你的起点,充斥著迷因的空間\n你來到了上層街道\n\n你所追尋的答案\n在這裡逐漸變得清晰\n在荒誕又溫柔的精神空間裡\n\n感受思考，並追尋你的起點,A space filled with memes\nYou arrive at upper street\nThe answer you are seeking\nBecomes clearer here\nIn this absurd yet gentle mental space\n\nFeel{c} reflect{c} and trace your way\nback to where you began,ミームで満ちた空間\nあなたは上層の街道に来た\n\nあなたが追い求めている答えは\nここで徐々に\n明らかになっていく\n荒唐でありながら\n優しい精神的空間で\n考えを感じ、\nあなたの起点を追い求めて,,
前往,Text,,前往,前往,Go,行く,이동하기,
上层边缘,Text,,上层边缘,上層邊緣,Upper Edge,上層の縁辺,,
上层边缘的描述,Text,,上层的边缘\n充满了未知\n\n但是探索未知\n去发现崭新的世界\n\n一直以来都是无数人心中\n最纯粹而炽热的追求,上層的邊緣\n充滿了未知\n\n但是探索未知\n去發現嶄新的世界\n\n一直以來都是無數人心中\n最純粹而熾熱的追求,At the edge of the upper\nlies the unknown.\n\nYet to explore the unknown\nto discover a new world\n\nHas always been the purest and most burning pursuit\nin countless hearts,上層の端\n未知に満ちている。\n\nそれでも未知を探し、\n新しい世界を\n見つけることは、\n\nいつの時代も\n多くの人の胸に宿る、\n最も純粋で熱い願いだった。,,
前往边缘,Text,,前往边缘,前往邊緣,Head to Edge,縁へ向かう,,
荒野,Text,,荒野,荒野,Wilderness,荒野,,
荒野的描述,Text,,辽阔的荒野在脚下展开\n这是一个全新的世界\n\n风声低沉，地面微微起伏\n植被与岩石悄然脉动\n生命的节奏在空气里流淌\n\n每一步都在探索未知\n每一次踏足\n都与世界产生共鸣,遼闊的荒野在腳下展開\n這是一個全新的世界\n\n風聲低沉，地面微微起伏\n植被與岩石悄然脈動\n生命的節奏在空氣裡流淌\n\n每一步都在探索未知\n每一次踏足\n都與世界產生共鳴,The vast wilderness stretches before you\nA new world awaits\nThe wind hums softly{c} the ground rises and falls\nVegetation and stone pulse with life\n\nEvery step uncovers the unknown\nEvery footprint echoes through the world,広大な荒野が足元に広がり\nここはまったく新しい世界だ\n\n風は低く唸り、\n大地はわずかにうねり\n草木と岩がそっと脈動し\n生命のリズムが\n空気の中を流れていく\n\n一歩ごとに未知を探り\n踏みしめるたび、\nこの世界と共鳴する,광활한 황야가 발아래 펼쳐진다,
前往,Text,,前往,前往,Proceed,向かう,이동하기,
电梯间,Text,,电梯间,電梯間,Elevator Hall,エレベーターホール,엘리베이터 홀,
电梯间的描述,Text,,这是一座电梯间\n\n电梯连接着上层和下层\n\n因为有了电梯\n\n才得以连接这两个世界,這是一座電梯間\n\n電梯連接著上層和下層\n\n因為有了電梯\n\n才得以連接這兩個世界,This is an elevator shaft\n\nThe elevator connects the upper and lower levels\n\nThanks to the elevator\n\nThese two worlds are finally linked,これはエレベーターの間\n\nエレベーターは\n上の階と下の階をつなぎます\n\nエレベーターがあるおかげで\n\nこの二つの世界がつながる,여기는 엘리베이터 홀,
前往电梯间,Text,,前往电梯间,前往電梯間,To elevator room,向かう,엘리베이터 홀로 향한다,
银之河,Text,,银之河,銀之河,Silver River,銀の川,은의 강,
银之河的描述,Text,,群星之中的银之河\n星光如潮水般漫过\n\n无数光点闪烁于璀璨的空间\n宇宙仿佛为你静止\n\n抬头凝望遥远的繁星\n仿佛正与未知的奇迹轻轻交错,群星之中的銀之河\n星光如潮水般漫過\n\n無數光點閃爍於璀璨的空間\n宇宙仿佛為你靜止\n\n抬頭凝望遙遠的繁星\n彷彿正與未知的奇蹟輕輕交錯,The Silver River\n among the stars\nStarlight flows like a tide\nCountless points of light sparkle in the \nbrilliant space\nThe universe seems to \npause for you\nEach gaze\nFeels like touching an unknown miracle,星々の中の銀の川\n星の光が潮のように広がる\n\n無数の光点が輝く空間で\n宇宙はまるであなたのために\n静止しているかのようだ\n\n一度見つめるたびに\n未知の奇跡に触れる\nような感覚,별들 사이를 흐르는 은의 강,
流星沙漠,Text,,流星沙漠,流星沙漠,Meteor Desert,流星砂漠,유성의 사막,
流星沙漠的描述,Text,,荒原的深处\n是一片黄沙覆盖之地\n\n沙丘延伸至视线之外\n残破的石柱\n半掩于沙之中\n\n这里是被遗忘的世界,荒原的深處\n是一片黃沙覆蓋之地\n\n沙丘延伸至視線之外\n殘破的石柱\n半掩於沙之中\n\n這裡是被遺忘的世界,The depths of the Wilderness\nAre covered in yellow sand\n\nDunes stretch beyond\n the horizon\nBroken stone pillars\nHalf-buried in the sand\n\nThis is a forgotten world,荒原の奥深く\n黄色い砂に覆われた地\n\n砂丘は視界の彼方まで続き\n壊れた石柱\n砂に半ば埋もれている\n\nここは忘れられた世界だ,황야의 깊은 곳,
穿过沙漠,Text,,穿过沙漠,穿過沙漠,Cross the Desert,砂漠を横断する,,
初始之地,Text,,初始之地,,English,267,,
初始之地的描述,Text,,初始之地的描述,,English,267,,
未来,Text,,未来,未來,The future,未来,미래,
未来的描述,Text,,时间像柔水一样流淌\n未来逐渐变得清晰可见\n\n废墟中潜藏毁灭的可能\n绿意间孕育生机的希望\n\n向着未知前行\n踏入一个尚未被定义的明天,時間像柔水一樣流淌\n未來逐漸變得清晰可見\n\n廢墟中潛藏毀滅的可能\n綠意間孕育生機的希望\n\n向著未知前行\n踏入一個尚未被定義的明天,Time flows like gentle water\nThe future gradually comes into focus\n\nDestruction hides\n within the ruins\nHope for new life sprouts amid the greenery\n\nMove toward the unknown\nStep into a tomorrow\n yet to be defined,時間は柔らかな水のように流れ\n未来は徐々に鮮明になっていく\n\n廃墟の中には\n破滅の可能性が潜み\n緑の間には\n生命の希望が芽生える\n\n未知へと進み\nまだ定義されていない\n明日へ踏み出す,,
过去,Text,,过去,過去,The past,過去,과거,
过去的描述,Text,,时间像薄雾般回旋\n过去的片段慢慢浮现在眼前\n\n熟悉的街道潜藏着回忆的余温\n偶尔闪烁复古电子屏的霓虹\n\n触碰那些往事\n踏入一个尚未褪色的旧日世界,時間像薄霧般回旋\n過去的片段慢慢浮現在眼前\n\n熟悉的街道潛藏著回憶的餘溫\n偶爾閃爍復古電子屏的霓虹\n\n觸碰那些往事\n踏入一個尚未褪色的舊日世界,Time swirls like thin mist\nFragments of the past slowly appear before your eyes\n\nFamiliar streets hide the lingering warmth of memories\nNeon flickers occasionally on retro electronic screens\n\nTouch those bygone moments\nStep into a vintage world yet to fade,時間は薄い霧のように旋回し\n過去の断片が\nゆっくりと目の前に浮かぶ\n\n見慣れた街には思い出の\n余韻が潜み\n時折、レトロな電子スクリーンのネオンが瞬く\n\nあの過去に触れ\nまだ色あせていない昔の世界へ踏み入れる,,
螺旋之间,Text,,螺旋之间,螺旋之間,Hall of the Spiral,螺旋の間,,
螺旋之间的描述,Text,,封闭的大门的背后\n是一条螺旋阶梯交织的通道间\n\n长长的阶梯和漂浮着的迷因碎片\n在这里交叠蔓延\n\n最终指向了顶层的空间\n那里将会迎来你的终点,封閉的大門的背後\n是一條螺旋階梯交織的通道間\n\n長長的階梯與漂浮著的迷因碎片\n在這裡交疊蔓延\n\n最終指向了頂層的空間\n那裡將會迎來你的起點,Behind the sealed door\nlies a passage woven with spiraling stairways\n\nEndless steps and drifting meme fragments\nintertwine and spread through this space\n\nAll of it leads toward the uppermost layer\nwhere your beginning awaits,閉ざされた扉の向こうには\n螺旋階段が絡み合う通路が広がっている\n\n長く続く階段と漂うミームの欠片が\nここで重なり合いながら広がっていく\n\nやがてそれらは最上層へと導かれ\nそこがあなたの始まりの場所になる,,
星辰之塔顶部,Text,,星辰之塔顶部,星辰之塔顶部,Top of the Tower of Stars,星辰の塔の頂上,,
星辰之塔顶部的描述,Text,,登上螺旋交织的阶梯\n你终于来到了迷因空间的尽头\n\n你和形形色色的迷因相遇\n然后匆匆和它们告别\n你拾起无数散落的碎片\n也拼凑出独一无二的自己\n\n愿你能够找到\n属于自己的迷因,迷因凝成辉蓝的穹顶\n\n迷因化作漫天的星辰\n\n舊痕與新韻相擁相契\n\n獨屬於你的迷因逐漸顯形,Memes gather into a radiant blue dome\nThey scatter into a sky filled with stars.\nOld traces and new rhythms entwine in harmony\nAnd the meme that belongs only to you\n begins to take shape,ミームは輝く蒼い穹へと\n凝り固まり\n\nやがて満天の星々へと姿\nを変える\n古い痕跡と新たな\n響きが重なり合い\n\nあなただけのミームが\nゆっくりと姿を現していく,,
登上,Text,,登上,登上,Ascend,登る,올라가기,
禁止通行,Text,,禁止通行,禁止通行,No Entry,立ち入り禁止,통행 금지,
禁止通行的描述,Text,,此处禁止通行\n\n禁止通行就是禁止通行\n\n没有什么理由\n\n反正禁止就对了,此處禁止通行\n\n禁止通行就是禁止通行\n\n沒有什麼理由\n\n反正禁止就對了,No entry beyond this point.\n\nNo entry means exactly no entry.\n\nNo particular reason.\n\nIt’s just plain forbidden.,ここは立ち入り禁止だ\n\n立ち入り禁止はただ立ち入り禁止なだけ\n\n理由なんてない\n\nとにかく入っちゃダメ,,
消散的藏书楼,Text,,消散的藏书楼,消散的藏書樓,The Vanished Library,消え去った図書館,,
消散的藏书楼的描述,Text,,蓝水晶吊坠维系的幻影图书馆\n\n如今已经彻底消失\n\n只剩下缓缓飘动的光粒\n\n安静地漂浮在这里,藍水晶吊墜維繫的幻影圖書館\n\n如今已經徹底消失\n\n只剩下緩緩飄動的光粒\n\n安靜地漂浮在這裡,The phantom library once sustained by the blue crystal pendant\n\nhas now completely vanished\n\nOnly slowly drifting particles of light remain\n\nquietly floating here,青い水晶のペンダントによって維持されていた幻影図書館\n\n今はもう完全に消え去ってしまった\n\nゆっくりと漂う光の粒だけが残り\n\n静かにここを漂っている,,
—————————————收藏品—————————————————,,,,,,,,
蓝色风车花,Text,,蓝色风车花,藍色風車花,Blue Pinwheel Flower,青い風車の花,파란 풍차꽃,
蓝色风车花的描述,Text,,蓝色风车花的花语是思念。它把对远方的牵挂藏在花瓣里，静静守候。拥有它的人，即使远隔千里，也能在某个夜晚，感受到来自彼此的牵挂。,藍色風車花的花語是思念。它把對遠方的牽掛藏在花瓣裡，靜靜守候。擁有它的人，即使遠隔千裡，也能在某個夜晚，感受到來自彼此的牽掛。,The blue pinwheel flower symbolizes longing. It hides care for the distant in its petals{c} quietly waiting. Those who possess it{c} even separated by thousands of miles{c} can feel each other’s care on some night.,青い風車花の花言葉は「思い」です。遠く離れた人への想いを花びらに秘め、静かに見守ります。それを持つ人は、たとえ千里離れていても、ある夜にはお互いの想いを感じることができます。,"파란 풍차꽃의 꽃말은 그리움. 먼 곳을 향한 마음을 꽃잎 안에 조용히 담아, 언제까지고 기다린다. 이 꽃을 간직한 사람은, 아무리 멀리 떨어져 있어도, 어느 밤 문득—서로의 온기가 닿아오는 것을 느낄 수 있다.",
旧钓竿,Text,,旧钓竿,舊釣竿,Old Fishing Rod,ボロのつりざお,낡은 낚싯대,
旧钓竿的道具描述,Text,,一根破旧的钓竿。只要有水面的地方都可以使用它钓鱼。试试看，也许能钓上一些红色的鲤鱼，蓝色的水母，或者在某一条瀑布下，钓上一条珍贵的丑鱼。,一根破舊的釣竿。只要有水面的地方都可以使用它釣魚。試試看，也許能釣上一些紅色的鯉魚，藍色的水母，或者在某一條瀑布下，釣上一條珍貴的醜魚。,An old fishing rod. It can be used anywhere there is water. Give it a try—you might catch some red carp{c} blue jellyfish{c} or perhaps a rare ugly fish beneath a certain waterfall.,古びた釣り竿。水面がある場所ならどこでも使える。試してみよう、赤い鯉や青いクラゲ、ある滝の下では珍しいブサイク魚が釣れるかもしれない。,"오래되고 낡은 낚싯대. 물 위가 있는 곳이라면 어디서든 낚시를 할 수 있다. 한번 던져봐—붉은 잉어나, 파란 해파리가 올라올지도 모른다. 혹은 어느 폭포 아래에서, 귀하고도 못생긴 물고기를 낚아 올릴 수도.",
泛黄车票,Text,,泛黄车票,泛黃車票,A Yellowed Ticket,色褪せた切符,바랜 차표,
泛黄车票的道具描述,Text,,泛黄的车票，归途亦是起点，乘坐银河的列车，抵达银之河。梦般旅程里，是过去与未来交织。,泛黃的車票，歸途亦是起點，乘坐銀河的列車，抵達銀之河。夢般旅程裡，是過去與未來交織。,A yellowed ticket — the road home is also where it begins. Board the galaxy's train{c} drift toward the Silver River. In this dream of a journey{c} past and future entwine.,色褪せた切符、帰り道はまた出発点。銀河の列車に乗り、銀の川へと辿り着く。夢のような旅の中で、過去と未来が静かに絡み合う。,"바랜 차표 한 장 — 돌아가는 길이 곧 시작이다. 은하의 열차에 올라, 銀之河를 향해 흘러간다. 꿈 같은 여정 속에서, 과거와 미래가 조용히 얽힌다.",
器的微光,Text,,器的微光,器的微光,The Vessel's Faint Glow,器の微かな光,器의 희미한 빛,
器的微光的描述,Text,,微小的碎片散发着微弱光芒，被遗忘的大海吞没的人们并未消失，而化作名为“器”的碎片。碎片映照着往昔的回忆，光在其中轻轻流动，如同微弱的呼吸，静静漂浮，承载着被遗忘的故事。,微小的碎片散發著微弱光芒，被遺忘的大海吞沒的人們並未消失，而化作名為「器」的碎片。碎片映照著往昔的回憶，光在其中輕輕流動，如同微弱的呼吸，靜靜漂浮，承載著被遺忘的故事。,Tiny shards drift with a faint{c} trembling light. Those swallowed by the sea of forgetting did not vanish — they became fragments called Vessels. Within each shard{c} old memories shimmer. Light moves through them like a shallow breath{c} floating in silence{c} carrying the stories no one remembers.,小さな欠片が、かすかな光を帯びて漂っている。忘却の海に飲み込まれた人々は消えたのではなく、「器」と呼ばれる欠片へと姿を変えた。欠片は過ぎ去った記憶を映し、その中を光がそっと流れる——微かな呼吸のように、静かに浮かびながら、忘れられた物語を抱いている。,"작은 파편들이 희미한 빛을 품고 떠돌고 있다. 망각의 바다에 삼켜진 이들은 사라진 것이 아니라, '器'라 불리는 파편이 되었다. 파편은 지난날의 기억을 비추고, 그 안에서 빛이 조용히 흐른다 — 가느다란 숨결처럼, 고요히 떠다니며, 잊혀진 이야기를 품은 채.",
钢之魂,Text,,钢之魂,鋼之魂,Soul of Steel,鋼の魂,강철의 혼,
钢之魂的描述,Text,,少年因为机缘巧合，登上了白色的钢铁巨人。伟大的勇者凭着一腔热血，坐进了超合金Z的驾驶舱。而三个男人身负使命，驾驶着合体变形机器人，驶向了宇宙的深处。他们每个人都拥有着猛烈燃烧的钢之魂。,少年因為機緣巧合，登上了白色的鋼鐵巨人。偉大的勇者憑著一腔熱血，坐進了超合金Z的駕駛艙。而三個男人身負使命，駕駛著合體變形機器人，駛向了宇宙的深處。他們每個人都擁有著猛烈燃燒的鋼之魂。,By a twist of fate{c} a boy climbed into the white iron giant. A great hero{c} burning with courage{c} took the helm of the super-alloy Z. And three men{c} bound by destiny{c} piloted their combining mech into the depths of the cosmos. Each of them carried a soul of steel{c} blazing with unyielding fire.,ある少年は巡り合わせで、白い鋼鉄の巨人に乗り込んだ。偉大な勇者は熱い血潮を胸に、超合金Zのコックピットへと身を沈めた。そして三人の男たちは使命を背負い、合体変形ロボットを駆り、宇宙の深淵へと進んでいった。彼らそれぞれの胸には、猛く燃え盛る鋼の魂が宿っていた。,우연한 인연으로 한 소년이 하얀 강철 거인에 올라탔다. 위대한 용사는 뜨거운 피를 가슴에 품고 초합금 Z의 조종석에 몸을 실었다. 그리고 세 남자는 사명을 짊어지고 합체 변형 로봇을 몰아 우주의 심연 속으로 나아갔다. 그들 모두의 가슴 속에는 맹렬히 타오르는 강철의 혼이 깃들어 있었다.,
归途的信件,Text,,归途的信件,歸途的信件,Letters for the Road Home,帰り道の手紙,귀로의 편지,
归途的信件的描述,Text,,疲惫的旅人已经厌倦了日复一日的旅行，回到这里歇息吧。待重新休整后，旅人会再次出发，前往遥远浩瀚的天空之外。,疲憊的旅人已經厭倦了日復一日的旅行，回到這裡歇息吧。待重新休整後，旅人會再次出發，前往遙遠浩瀚的天空之外。,The weary traveler has grown tired of the endless road. Come{c} rest here a while. When you are ready{c} you will set out once more — toward the vast and distant sky beyond.,疲れた旅人は、繰り返される旅にもう飽き飽きしていた。ここへ戻って、しばし休んでいきなさい。やがて英気を取り戻したなら、旅人はまた旅立つだろう——遥か彼方、広大な空の向こうへ。,"지친 나그네는 끝없이 반복되는 여행에 지쳐버렸다. 이곳으로 돌아와 잠시 쉬어 가렴. 충분히 쉬고 나면, 나그네는 다시 길을 떠날 것이다——저 멀고 광활한 하늘 너머를 향해.",
圣杯,Text,,圣杯,聖杯,Holy Grail,聖杯,성배,
圣杯的描述,Text,,传说中能实现持有者的欲望的神物。但获得方式就不得而知了。据说魔物化的人类中有许多都与圣杯有所关联。他们的欲望实现的同时，却失去了作为人的重要的事物。,傳說中能實現持有者欲望的神物。獲得之法，無人知曉。據說在魔物化的人類中，許多都與聖杯有所關聯——欲望實現之際，他們卻失去了身為人最重要的東西。,A relic said to grant the deepest wishes of whoever holds it. How one might obtain it{c} no one knows. Many humans who turned into monsters are said to have had ties to the Holy Grail — their desires fulfilled{c} yet something irreplaceable lost.,持つ者の欲望を叶えると伝わる神器。その入手方法は、誰も知らない。魔物と化した人間の多くが聖杯と関わりを持つとされ——欲望が叶った瞬間、人として大切な何かを失ったという。,"소지자의 욕망을 이루어 준다는 전설의 신물. 손에 넣는 방법은 아무도 모른다. 마물로 변한 인간 중 상당수가 성배와 연관되어 있다고 전해지며——욕망이 이루어지는 순간, 인간으로서 가장 소중한 무언가를 잃었다고 한다.",
一抹绿色,Text,,一抹绿色,一抹綠色,A Touch of Green,ひとさじの緑,한 줄기 초록,
一抹绿色的描述,Text,,起初，只是一点微弱的绿意。随后它蔓延开来，覆盖城市与海岸，吞没钢铁与高塔。世界在不知不觉间被绿色取代，喧嚣沉入土地，一切归于自然的平静与空灵。而这一抹绿色，仍在静静生长。,起初，只是一點微弱的綠意。隨後它蔓延開來，覆蓋城市與海岸，吞沒鋼鐵與高塔。世界在不知不覺間被綠色取代，喧囂沉入土地，一切歸於自然的平靜與空靈。而這一抹綠色，仍在靜靜生長。,At first{c} it was only a faint hint of green. Then it began to spread{c} covering cities and coastlines{c} swallowing steel and towering spires. Before anyone realized it{c} the world was replaced by green{c} the noise sank into the earth{c} and everything returned to a natural stillness and quiet clarity. And this trace of green continues to grow in silence.,はじめは、かすかな緑の気配にすぎなかった。やがてそれは広がり、都市や海岸を覆い、鋼鉄や高塔を飲み込んでいった。気づかぬうちに世界は緑に塗り替えられ、喧騒は大地へと沈み、すべては自然の静けさと澄みわたる空気へと還っていった。そしてこのひとしずくの緑は、今もなお静かに育ち続けている。,"처음에는, 그저 희미한 초록빛 한 점이었다. 서서히 번져나가 도시와 해안을 뒤덮고, 강철과 탑을 삼켜버렸다. 세상은 어느새 초록으로 물들었고, 소음은 대지 속으로 가라앉아, 모든 것이 자연의 고요와 영묘함으로 돌아갔다. 그리고 그 초록빛은, 지금도 조용히 자라고 있다.",
流星的传闻,Text,,流星的传闻,流星的傳聞,Rumors of Meteors,流れ星の噂,유성의 소문,
流星的传闻的描述,Text,,流星自遥远的银之河降落到这片沙漠，因为流星他们建立了村落，因为信仰他们聚集在一起，将那些来自天边之物，化作最淳朴的祈愿。,流星自遙遠的銀之河降落到這片沙漠，因為流星他們建立了村落，因為信仰他們聚集在一起，將那些來自天邊之物，化作最淳樸的祈願。,A meteor falls from the distant silver galaxy onto this desert. Because of the meteor{c} they built a village{c} because of faith{c} they gather together{c} turning those things from the far horizon into the purest wishes.,流星が遥かな銀の川よりこの砂漠に降り注ぎ、流星のおかげで彼らは集落を建て、信仰を胸に一つに集まり、天辺よりやってきたものたちを、最も素朴な願いに変えている,"유성은 저 멀리 은의 강에서 이 사막으로 내려왔다. 유성으로 인해 마을이 생겨났고, 믿음으로 인해 사람들이 함께 모여들었다. 하늘 끝에서 온 것들을, 가장 소박한 소원으로 바꾸어 품었다.",
山怪木雕,Text,,山怪木雕,山怪木雕,Mountain Fiend Wood Carving,山怪の木彫り,산怪 나무 조각,
山怪木雕的描述,Text,,很久很久以前，村子里住着一群毛茸茸的山怪，山怪和它们的王在村子里无忧无虑地生活着。直到这里来了一群人类，他们占领了村子，山怪们从此以后就躲到森林里去了。,很久很久以前，村子裡住著一群毛茸茸的山怪，山怪和牠們的王在村子裡無憂無慮地生活著。直到有一群人類來到這裡，佔領了村子，山怪們從此便躲進了森林深處。,Long{c} long ago{c} a village was home to a band of shaggy Mountain Fiends{c} living without a care alongside their king. Then the humans came — and took the village for themselves. The Mountain Fiends retreated into the forest{c} and never returned.,遠い遠い昔、村にはもふもふとした山怪たちが住んでいた。山怪とその王は、村でのびのびと暮らしていた。やがて人間たちがやって来て村を占領し、山怪たちはそれから森の奥へと姿を消した。,"아주 오래전, 마을에는 북실북실한 산怪 무리가 살고 있었다. 산怪들과 그들의 왕은 마을에서 아무 걱정 없이 지냈다. 그러던 어느 날 인간들이 찾아와 마을을 차지했고, 산怪들은 그 이후로 숲속 깊이 숨어들었다.",
不可思议的球,Text,,不可思议的球,不可思議的球,Mysterious Orb,ふしぎな球,불가사의한 구슬,
不可思议的球的描述,Text,,不可思议的球里装着不可思议的生物，不可思议的生物在这颗不可思议的星球上生活着。带上不可思议的生物踏上一段不可思议的冒险。啊，真是不可思议啊。,不可思議的球裡裝著不可思議的生物，不可思議的生物在這顆不可思議的星球上生活著。帶上不可思議的生物踏上一段不可思議的冒險。啊，真是不可思議啊！,The incredible ball contains incredible creatures{c} and the incredible creatures live on this incredible planet. Take the incredible creatures on an incredible adventure. Ah{c} it's truly incredible.,不思议なボールの中には不思议な生物がいて、不思议な生物はこの不思议な星で暮らしています。不思议な生物を连れて不思议な冒険に出かけましょう。ああ、本当に不思议ですね。,,
月光石,Text,,月光石,月光石,Moonstone,月長石,,
月光石的道具描述,Text,,月色下的怪猫石像，已经很久没有再次启动了吧，怪猫们到底去哪里了呢，我相信怪猫一定还在某处。快看，今夜的月色很美啊！怪猫是不是也在月亮上，一直守望着我们。,月色下的怪貓石像，已經很久沒有再次啓動了吧，怪貓們到底去哪裏了呢，我相信怪貓一定還在某處。快看，今夜的月色很美啊！怪貓是不是也在月亮上，一直守望着我們。,The strange cat statue under the moonlight must have been inactive for a long time{c} haven't you heard? Where on earth have the strange cats gone? I believe the strange cats must still be somewhere. Look{c} the moonlight tonight is so beautiful! Maybe strange cats on the moon{c} always watching over us?,月の光の下にある怪猫の石像、もうずっと再び動かないでしょうね。怪猫たちは一体どこへ行ったんだろう。私は怪猫がきっとどこかにいると信じてるよ。ほら、今夜の月はきれいだよ！怪猫も月の上にいて、ずっと私たちを見守っているんじゃないかな。,,
回忆碎片,Text,,回忆碎片,回憶碎片,Memory Shards,記憶の欠片,,
回忆碎片的道具描述,Text,,有些散落的回忆已经记不太清了，但是如果在梦中说不定会再次回想起来，回忆没有消失，一直浅浅地留在这里。,有些散落的回憶已經記不太清了，但是如果在夢中說不定會再次回想起來，回憶沒有消失，一直淺淺地留在這裡。,Some scattered memories are already fuzzy{c} but perhaps in a dream they will resurface{c} memories haven’t vanished{c} they remain lightly here,散らばった記憶のいくつかはもうあまり思い出せないが、夢の中では再び思い出すかもしれない。記憶は消えておらず、ずっとここにそっと残っている,,
梦想碎片,Text,,梦想碎片,夢想碎片,Dream Shards,夢の欠片,,
梦想碎片的描述,Text,,猫耳主播的梦想，小小甲虫的梦想，无数人们的梦想构成了这个世界。因为有了梦想，我们才会继续向前。,貓耳主播的夢想，小小甲蟲的夢想，無數人們的夢想構成了這個世界。因為有了夢想，我們才會繼續向前。,The dream of a cat-eared streamer{c} the dream of a tiny beetle{c} the dreams of countless people form this world. It is because of dreams that we keep moving forward.,猫耳配信者の夢、小さな甲虫の夢、無数の人々の夢がこの世界を構成している。夢があるからこそ、私たちは前に進み続けられるのだ,,
预言碎片,Text,,预言碎片,預言碎片,Prophecy Shards,予言の欠片,,
预言碎片的描述,Text,,你相信会有平行宇宙的存在吗？或许我们此刻的人生，不过是无数平行线中的一条分支。过去未曾真正消逝，未来也未必尚未到来。在看不见的维度里，不同的世界、不同的我们，彼此交错、彼此偏离、又彼此重叠。或许这枚碎片，来自另一种可能。,你相信會有平行宇宙的存在嗎？或許我們此刻的人生，不過是無數平行線中的一條分支。過去未曾真正消逝，未來也未必尚未到來。在看不見的維度裡，不同的世界、不同的我們，彼此交錯、彼此偏離、又彼此重疊。或許這枚碎片，來自另一種可能。,Do you believe parallel universes might exist?Perhaps this life we’re living is only one branch among countless parallel lines.The past may not have truly faded{c} and the future may not be so far away.In unseen dimensions{c} different worlds—and different versions of us—intersect{c} diverge{c} and overlap.Maybe this fragment comes from another possibility.,平行宇宙の存在を信じる？もしかしたら、今ここにある私たちの人生は、無数の平行線のうちの一本にすぎないのかもしれない。過去は本当には消えていないのかもしれないし、未来もまだ来ていないとは限らない。見えない次元の中で、異なる世界と、異なる私たちは、交わり、離れ、そして重なり合っている。もしかすると、この欠片は、もう一つの可能性から来たものなのかもしれない。,,
纯白碎片,Text,,纯白碎片,純白碎片,Pure Shards,純白の欠片,,
纯白碎片的描述,Text,,这枚无暇的空白碎片是给你的礼物哦，它是所有迷因最初的模样，正因为它是空白的，才蕴含了无限的可能。在这片空间里和其他迷因相遇，去诞生属于你自己的迷因吧。,這枚無暇的空白碎片是給你的禮物哦，它是所有迷因最初的模樣，正因為它是空白的，才蘊含了無限的可能。在這片空間裡和其他迷因相遇，去誕生屬於你自己的迷因吧！,This flawless blank fragment is a gift for you. It is the original form of all memes. Precisely because it is blank{c} it contains infinite possibilities. In this space{c} encounter other memes and give birth to your own memes,この無垢な空白の破片はあなたへの贈り物です。これはすべてのミームが最初に持っていた姿であり、正に空白であるからこそ無限の可能性を秘めています。この空間で他のミームと出会い、あなた自身のミームを生み出しましょう。,,
宇宙碎片,Text,,宇宙碎片,宇宙碎片,Cosmic Shards,宇宙の欠片,,
宇宙碎片的描述,Text,,夜空深邃而浩瀚，群星像散落的灯火，在无尽的宇宙中静静闪烁。正因为这片无边的深空，人们才会想要出发，去探索那遥远而未知的地方。每个人都有一个宇宙梦，就连老鼠也不例外。,夜空深邃而浩瀚，群星像散落的燈火，在無盡的宇宙中靜靜閃爍，正因為這片無邊的深空，人們才會想要出發，去探索那遙遠而未知的地方，每個人都有一個宇宙夢，就連老鼠也不例外。,The night sky is deep and vast{c} with stars scattered like flickering lights quietly shining across the endless universe{c} it is precisely because of this boundless expanse of space that people yearn to set out and explore the distant and unknown{c} everyone has a dream of the universe{c} and even the mouse is no exception.,夜空は深く広大で、無数の星々が散りばめられ、果てしない宇宙の中で静かに輝いている、この果てしない深宇宙があるからこそ、人々は旅立ち、遠く未知の場所を探求したくなり、誰もが宇宙への夢を持っており、ネズミでさえ例外ではない。,,
修复代码,Text,,修复代码,修復代碼,Fix code,修復コード,,
修复代码的描述,Text,,一段来自未来的修复代码，这是一段能让怪猫稳定下来的，赋予它理解人性的代码，怪猫无法理解情感，过多的冗杂情感涌入后会引发程序的错乱，这就是赤眼的起源。,一段來自未來的修復代碼，這是一段能讓怪貓穩定下來的，賦予它理解人性的代碼，怪貓無法理解情感，過多的冗雜情感湧入後會引發程序的錯亂，這就是赤眼的起源。,A segment of repair code from the future—this is code capable of stabilizing the monstrous cat{c} granting it an understanding of humanity. The cat cannot comprehend emotions{c} an influx of excessive{c} chaotic feelings causes program instability. This is the origin of the red eyes.,未来から来た修復コードの一部。これは怪猫を安定させ、人間性を理解させるコードだ。怪猫は感情を理解できず、過剰な混乱した感情が流れ込むとプログラムが狂う。これが赤い目の起源である。,,
兔子徽章,Text,,兔子徽章,兔子徽章,Rabbit Badge,ウサギのバッジ,,
兔子徽章的描述,Text,,兔子山怪最爱收集破铜烂铁，因为它对人类的物品充满好奇，也深谙以物易物的诀窍，一枚铜板就能换一件废品。每天清晨，它总是背着那个破破烂烂的麻袋，在村子周围漫无目的地游荡。,兔子山怪最愛收集破銅爛鐵，因為牠對人類的物品充滿好奇，也深諳以物易物的訣竅，一枚銅板就能換一件廢品。每天清晨，牠總是揹著那個破破爛爛的麻袋，在村子周圍漫無目的地遊蕩。,The Rabbit Hill Monster loves collecting scrap metal the most{c} for it is filled with curiosity about human objects and also knows the knack of bartering inside out{c} one copper coin can swap for one piece of scrap. Every early morning{c} it always slings that tattered sack over its shoulder and wanders aimlessly around the village.,ウサギ山怪は砕鉄くず集めが大好きで、人間の品物に強い好奇心を抱いており、物々交換のコツをよく心得ている、銅貨一枚で廃品一つと交換できる。毎朝早く、ボロボロの麻袋を背負って、村の周りを目的もなくさまよっている,,
兔子徽章的真描述,Text,,兔子徽章在机缘巧合下抵达了遥远的银之河，这一刻，它不再是一枚简单的兔子徽章，宇宙兔。没错，它成为了宇宙兔的专属徽章！,兔子徽章在機緣巧合下抵達了遙遠的銀之河，這一刻，它不再是一枚簡單的兔子徽章，宇宙兔。沒錯，它成為了宇宙兔的專屬徽章！,By chance{c} the Rabbit Badge reached the distant Silver River. At this moment{c} it was no longer just a simple rabbit badge{c} but the Space Bunny. That's right{c} it became the exclusive badge of the Space Bunny!,うさぎバッジはたまたま遠い銀の川に到達した。この瞬間、それはもはや単なるうさぎバッジではなく、宇宙うさぎ。そう、それは宇宙うさぎの専用バッジになった！,,
鼠鼠旗,Text,,鼠鼠旗,鼠鼠旗,Tiny Mice Flag,ねずねずの旗,,
鼠鼠旗的描述,Text,,鼠在寻找奶酪星球吱，抵达后鼠要插上自己做的旗帜。旗帜是一枚小小的三角旗，上面有奶酪的图案，是鼠自己画上去的，插上去后这里就是鼠的家了吱！,鼠在尋找奶酪星球吱，抵達後鼠要插上自己做的旗幟。旗幟是一枚小小的三角旗，上面有奶酪的圖案，是鼠自己畫上去的，插上去後這裡就是鼠的家了吱,The mouse is looking for the Cheese Planet{c} and upon arrival{c} it will plant a flag it made itself. The flag is a small triangular pennant with a picture of cheese on it{c} which the mouse painted by itself. After planting it{c} this will be the mouse's home.,ネズミはチーズ星を探しているぞ、到着したらネズミは自分で作った旗を立てる。旗は小さな三角旗で、上にチーズの絵があり、ネズミが自分で描いたものだ。旗を立てるとここがネズミの家になるぞ,,,
机械零件,Text,,机械零件,機械零件,Mechanical parts,機械部品,,
机械零件的描述,Text,,这是它的一部分，虽然已经破破烂烂了，但是它依旧坚持着自己的信仰。也许正是因为诞生出的那份信仰，让它的钢铁之躯第一次有了一颗温柔的心。,這是它的一部分，雖然已經破破爛爛了，但是它依舊堅持著自己的信仰，也許誕生出的那份信仰，讓它的鋼鐵之軀第一次有了溫柔的心,This is a part of it. Although it’s already battered and worn{c} it still holds onto its beliefs. Perhaps the faith it gave birth to allowed its steel body to feel a gentle heart for the first time,これはその一部だ。すでにボロボロだが、それは自分の信念を貫いている。その信念が生まれたことで、彼の鋼鉄の体に初めて優しい心が宿ったのかもしれない,,
旋律,Text,,拼凑的断音,拼湊的斷音,Fragmented staccato notes,つぎはぎのスタッカート,,
旋律的描述,Text,,拼凑的断音漂浮于音乐之间。这里的每一首曲子都蕴含着它的情感。旋律点缀着你的旅途，在前行的每一个片刻悄然陪伴。而在迷因的空间里，引领你穿过层层回声。最终，抵达那个属于你的答案。,拼湊的斷音，漂浮於音樂之間。每一首曲子都蘊含著他的情感。旋律如細微的光點，點綴著你的旅途。在前行的每一個片刻悄然陪伴。而在迷因的空間裡，這些聲音與記憶一同回響，引領你穿過層層回聲。最終，抵達那個屬於你的答案。,The fragmented sounds float between the music. Each song holds his emotions. The melody{c} like tiny glowing points{c} decorates your journey. It quietly accompanies you in every moment of your path. And in the realm of mimes{c} these sounds and memories echo together{c} guiding you through layer after layer of reverberations. Finally{c} you reach the answer that belongs to you.,つぎはぎの音が音楽の間を漂い、各曲は彼の感情を含んでいる。メロディーは微細な光の点のようで、あなたの旅路を飾る。前進する一瞬一瞬を静かに共にし、そしてミームの空間では、これらの音と記憶が共鳴し、あなたを何層もの反響を越えて導いていく。最終的に、あなたにとっての答えにたどり着く。,,
崭新硬币,Text,,崭新硬币,嶄新硬幣,A brand new coin,真新しい硬貨,,
崭新硬币的道具描述,Text,,一枚从未流通过的硬币，表面的光泽没有褪去。它没有被交换过，也不曾属于任何人。未被使用的硬币象征着尚未做出的选择。只要它仍然崭新，一切可能都还握在你的手中。,一枚從未流通過的硬幣，邊緣鋒利，光澤未褪。它尚未被交換，也未曾屬於任何人。未被使用的硬幣象徵著尚未做出的選擇。只要它仍然嶄新，一切可能都還握在手中。,A coin that has never been put into circulation{c} its edges sharp and its sheen still intact. It has yet to be exchanged{c} and has belonged to no one. An unused coin represents a choice not yet made. As long as it remains new{c} every possibility is still in your hands.,一度も流通したことのない硬貨。縁は鋭く、輝きもまだ失われていない。まだ交換されることもなく、誰のものにもなっていないという。使われていない硬貨は、まだ選ばれていない未来を象徴すると言われている。それが新しいままである限り、あらゆる可能性はまだ手の中にある。,,,,
散落的卡带,Text,,散落的卡带,散落的卡帶,Scattered cartridges,散らばったカセット,,
散落的卡带的描述,Text,,这盘卡带是我最喜欢的有很多恐龙的RPG游戏，那盘卡带的外壳已经找不到了，但是我知道这是控制小人跳跃吃蘑菇的游戏，每一张卡带都是我的回忆。,這盤卡帶是我最喜歡的有很多恐龍的RPG遊戲，那盤卡帶的外殼已經找不到了，但是我知道這是控制小人跳躍吃蘑菇的遊戲，每一張卡帶都是我的回憶。,This cartridge is my favorite RPG full of dinosaurs{c} its shell is long lost{c} but I know it’s the game where you control a little character to jump and eat mushrooms{c} each cartridge holds my memories,このカセットは私のお気に入りの恐竜がたくさん出てくるRPGゲームで、そのカセットの外装はもう見つからないけれど、小さなキャラクターを操作してジャンプしてキノコを食べるゲームだと分かっている。カセットの一枚一枚が私の思い出だ,,
圆形金属片,Text,,圆形金属片,圆形金属片,Circular metal piece,円形の金属片,,
圆形金属片的描述,Text,,兔子山怪不知道从哪里捡到的圆形金属片，大小跟硬币差不多。兔子山怪喜欢捡垃圾，哼着小曲，走到哪儿捡到哪儿。,兔子山怪不知道從哪裡撿到的一枚圓形金屬片，大小和硬幣差不多。兔子山怪喜歡撿垃圾，哼著小曲，走到哪裡撿到哪裡。,The Rabbit Mountain Monster picked up a round metal piece from who knows where{c} about the size of a coin. The Rabbit Mountain Monster loves to pick up trash{c} humming a tune and picking up wherever it goes.,うさぎ山怪はどこからか拾った円形の金属片を持っていて、その大きさは硬貨とほぼ同じだ。うさぎ山怪はゴミを拾うのが好きで、小曲を歌いながら、どこに行っても拾っている。,,
稻草人的帽子,Text,,稻草人的帽子,稻草人的帽子,The Scarecrow's Hat,かかしのぼうし,,
稻草人的帽子的描述,Text,,稻草人日复一日站在田埂上，风吹日晒的，不如我们为它做一顶帽子吧，做一顶圆圆的大草帽，不光可以遮阳，还可以避雨。最关键的是，它看起来漂亮了不少。,稻草人日復一日站在田埂上，風吹日曬的，不如我們為它做一頂帽子吧，做一頂圓圓的大草帽，不光可以遮陽，還可以避雨。最關鍵的是，它看起來漂亮了不少。,The scarecrow stands on the ridge of the field day after day{c} exposed to the wind and sun. How about we make a hat for it? Let's make a big round straw hat{c} which can not only block the sun but also shelter from the rain. Most importantly{c} it will look much prettier.,かかしは日々畑の畦に立っていて、風に吹かれ日に照らされています。私たちがかかしに帽子を作りましょう。丸い大きな麦わら帽子を作って、日除けにもなり、雨除けにもなります。一番重要なのは、かかしがずっときれいに見えるようになることです。,,
进化的基因,Text,,进化的基因,進化的基因,Evolutionary Gene,進化の遺伝子,진화의 유전자,
进化的基因的描述,Text,,这枚基因碎片，是盖亚奉太阳父亲之命设下进化试炼时散落的，深海鱼类挣脱洋流，两栖生物蹒跚上岸，爬行类扛过陨石浩劫，哺乳类踏破冰河冻土，直至人类挺直脊背站立，这便是筛选强者、通往伊甸的试炼印记。,這枚基因碎片，是蓋亞奉太陽父親之命設下進化試煉時散落的——深海魚類掙脫洋流，兩棲生物蹣跚上岸，爬行類扛過隕石浩劫，哺乳類踏破冰河凍土，直至人類挺直脊背站立，這便是篩選強者、通往伊甸的試煉印記。,This genetic fragment was scattered when Gaia set up the evolutionary trial by the order of the Sun Father. Deep-sea fish broke free from ocean currents{c} amphibians staggered onto land{c} reptiles survived the meteorite catastrophe{c} mammals stepped through ice rivers and frozen soil{c} until humans stood upright with their backs straight. This is the trial mark for screening the strong and leading to Eden.,この遺伝子の破片は、ガイアが太陽の父の命を受けて進化の試練を設けた際に散らばったものであり、深海魚類が海流から抜け出し、両生類がよろめきながら陸に上がり、爬虫類が隕石の大惨事を乗り越え、哺乳類が氷河や凍土を踏み破り、やがて人類が背筋を伸ばして立ち上がるまで、これが強者を選別し、エデンへと続く試練の印である。,,
蓝水晶吊坠,Text,,蓝水晶吊坠,藍水晶吊墜,Blue Crystal Pendant,青い水晶のペンダント,,
蓝水晶吊坠的描述,Text,,这枚蓝水晶吊坠，是星辰藏书楼里巨大水晶的一部分呢。微光在吊坠中轻轻跳动，你的步伐将不再孤单，也不会迷失方向。无论时光如何流转，跨越多么遥远的空间，我们会再次相遇，因为...这是属于我们两人的约定。,這枚藍水晶吊墜，是藏書樓裡巨大水晶的一部分呢。微光在吊墜中輕輕跳動，你的步伐將不再孤單，也不會迷失方向。無論時光如何流轉，跨越多麼遙遠的空間，我們會再次相遇，因為……這是屬於我們兩人的約定。,This blue crystal pendant is a part of the giant crystal in the library. The soft light within the pendant gently flickers{c} and your steps will no longer be lonely{c} nor will you lose your way. No matter how time flows or how far the space stretches{c} we will meet again{c} because... this is the promise meant for the two of us,この青い水晶のペンダントは、図書館の巨大な水晶の一部です。ペンダントの中で微弱な光がゆっくりと揺れ、あなたの歩みはもはや孤独ではなく、道を見失うことはありません。時間がどう流れ、どんなに遠い空間を越えても、私たちは再び出会うでしょう。なぜなら…これは私たち二人の約束だからです,,
橘子汽水,Text,,橘子汽水,橘子汽水,Orange Soda,オレンジソーダ,오렌지 탄산수,
橘子汽水的描述,Text,,夏天就应该搭配橘子汽水了，咕噜咕噜涌上来的气泡听上去就很解压，微微的酸酸甜甜的味道带上苏打气泡的口感，要是再加上几块冰块就最棒啦~,夏天就應該搭配橘子汽水了，咕嚕咕嚕湧上來的氣泡聽上去就很解壓，微微的酸酸甜甜的味道帶上蘇打氣泡的口感，要是再加上幾塊冰塊就最棒啦~,Summer calls for orange soda—bubbles rising with a gentle fizz{c} sweet and tangy on the tongue. Add a few ice cubes{c} and it's perfect.,夏にはオレンジソーダがぴったり。ぷくぷくと湧き上がる泡の音が心地よくて、ほんのり酸っぱくて甘い味わいに炭酸の刺激。氷を入れたら最高だね~,"여름엔 오렌지 탄산수지. 보글보글 올라오는 기포 소리만 들어도 기분이 좋아져. 살짝 새콤달콤한 맛에 톡 쏘는 탄산 감각, 얼음까지 넣으면 최고야~",
精致的点心,Text,,精致的点心,精緻的點心,Delicate snack,精巧なおやつ,정성스러운 다과,
精致的点心的描述,Text,,这是给你的小点心，刚刚忙着聊天，都没有吃吧，这是我亲手做的哦~,"這是給你的小點心,剛剛忙著聊天,都沒有吃吧,這是我親手做的哦~",A little treat for you. You didn't eat while we were talking{c} did you? I made it myself.,これ、あなたへのおやつ。さっきおしゃべりに夢中で食べてなかったでしょ?私が作ったんだよ~,이거 너를 위한 간식이야. 아까 이야기하느라 못 먹었지? 내가 직접 만든 거야~,
shio的枝叶,Text,,shio的枝叶,shio的枝葉,Shio’s Leaf,シオの枝葉,,
shio的枝叶的描述,Text,,shio的每一片枝叶都是一段回忆，有些来自遥远的银之河，有些来自这颗星球上的所见所闻，以及和luby们这段时间一起生活的点点滴滴。,shio的每一片枝葉都是一段回憶，有些來自遙遠的銀之河，有些來自這顆星球上的所見所聞，以及和luby們這段時間一起生活的點點滴滴。,Every leaf of shio is a memory{c} some come from the distant Silver River{c} some from what was seen and heard on this planet{c} and others from the moments spent living together with the lubys,シオの一枚一枚の枝葉はすべて記憶であり、遠い銀の川から来たものもあれば、この星で見聞きしたものや、ルビーたちと共に過ごした日々の記憶も含まれている,,
尚未解锁,Text,,尚未解锁,尚未解鎖,Locked,未解放,잠김,
—————————————获得提示—————————————————,,,,,,,,
获得蓝色风车花,Text,,获得：蓝色风车花,獲得：藍色風車花,Obtained: Blue Pinwheel Flower,獲得：青い風車花,,
获得旧钓竿,Text,,获得：旧钓竿,獲得：舊釣竿,Obtained: Old Rod,獲得：ボロのつりざお,획득: 낡은 낚싯대,
获得归途的信,Text,,获得：归途的信,獲得：歸途的信,Obtained: Letter of Return,獲得：帰路の手紙,획득: 귀로의 편지,
获得进化的基因,Text,,获得：进化的基因,獲得：進化的基因,Obtained: Evolutionary Gene,獲得：進化の遺伝子,획득: 진화의 유전자,
获得器的微光,Text,,获得：器的微光,獲得：器的微光,Obtained: Memory’s Glimmer,獲得：器の微光,획득: 器의 미광,
获得兔子徽章,Text,,获得：兔子徽章,獲得：兔子徽章,Obtained: Rabbit Badge,獲得：うさぎのバッジ,획득: 토끼 배지,
获得鼠鼠旗,Text,,获得：鼠鼠旗,獲得：鼠鼠旗,Obtained: Mouse Flag,獲得：ネズミの旗,획득: 쥐쥐 깃발,
获得崭新硬币,Text,,获得：崭新硬币,獲得：嶄新硬幣,Obtained: A New Coin,獲得：古びた硬貨,획득: 새 동전,
获得圆形金属片,Text,,获得：圆形金属片,獲得：圓形金屬片,Obtained: Circular Metal Piece,獲得：円形の金属片,획득: 둥근 금속 조각,
获得宇宙碎片,Text,,获得：宇宙碎片,獲得：宇宙碎片,Obtained: Cosmic Fragment,獲得：宇宙の欠片,,
获得回忆碎片,Text,,获得：回忆碎片,獲得：回憶碎片,Obtained: Memory Fragment,獲得：思い出の欠片,,
获得梦想碎片,Text,,获得：梦想碎片,獲得：夢想碎片,Obtained: Dream Fragment,獲得：夢の欠片,,
获得预言碎片,Text,,获得：预言碎片,獲得：預言碎片,Obtained: Prophecy Fragment,獲得：予言の欠片,,
获得纯白碎片,Text,,获得：纯白碎片,獲得：純白碎片,Obtained: Pure White Fragment,獲得：純白の欠片,,
获得流星的传闻,Text,,获得：流星的传闻,獲得：流星的傳聞,Obtained: Rumors of Meteor,獲得：流星の噂,,
获得圣杯,Text,,获得：圣杯,獲得：聖杯,Obtained: The Holy Grail,獲得：聖杯,,
获得山怪木雕,Text,,获得：山怪木雕,獲得：山怪木雕,Obtained: Mountain Fiends Woodcarving,獲得：山怪の木彫り,,
获得一抹绿色,Text,,获得：一抹绿色,獲得：一抹綠色,Obtained: A Touch of Green,獲得：ひとさじの緑,,
获得稻草人的帽子,Text,,获得：稻草人的帽子,獲得：稻草人的帽子,Obtained: The Scarecrow’s Hat,獲得：かかしの帽子,,
获得散落的卡带,Text,,获得：散落的卡带,獲得：散落的卡帶,Obtained: Scattered Cartridge,獲得：散らばったカセット,,
获得不可思议的球,Text,,获得：不可思议的球,獲得：不可思議的球,Obtained: The Mysterious Orb,獲得：不思議な球,,
获得蓝水晶吊坠,Text,,获得：蓝水晶吊坠,獲得：藍水晶吊墜,Obtained: Blue Crystal Pendant,獲得：青い水晶のペンダント,,
获得钢之魂,Text,,获得：钢之魂,獲得：鋼之魂,Obtained: Steel Soul,獲得：鋼の魂,,
获得机械零件,Text,,获得：机械零件,獲得：機械零件,Obtained: Mechanical Part,獲得：機械部品,,
获得泛黄车票,Text,,获得：泛黄车票,獲得：泛黃車票,Obtained: Yellowed Ticket,獲得：色あせたチケット,,
获得月光石,Text,,获得：月光石,獲得：月光石,Obtained: Moonstone,獲得：月長石,,
获得精致的点心,Text,,获得：精致的点心,獲得：精緻的點心,Obtained: Delicate snack,獲得：精巧なおやつ,,
获得旋律,Text,,获得：拼凑的断音,獲得：拼湊的斷音,Obtained: Melody,獲得：旋律,,
获得橘子汽水,Text,,获得：橘子汽水,獲得：橘子汽水,Obtained: Orange Soda,獲得：オレンジソーダ,,
获得shio的枝叶,Text,,获得：shio的枝叶,獲得：shio的枝葉,Obtained: Shio’s Leaf,入手：シオの枝葉,,
获得修复代码,Text,,获得：修复代码,獲得：修復代碼,Obtained: Fix Code,入手：修復コード,,
—————————————解锁提示—————————————————,,,,,,,,
解锁封闭的门,Text,,解锁：封闭的门,解鎖：封閉的門,Unlock: Closed Door,アンロック：閉ざされた門,,
解锁电梯间,Text,,解锁：电梯间,解鎖：電梯間,Unlock: Elevator Room,アンロック：エレベーター室,,
解锁海边站台,Text,,解锁：海边站台,解鎖：海邊站台,Unlock: Seaside platform,アンロック：海辺のプラットフォーム,,
解锁遗忘的大海,Text,,解锁：遗忘的大海,解鎖：遺忘的大海,Unlock: The Forgotten Sea,アンロック：忘れられた海,,
解锁上层边缘,Text,,解锁：上层边缘,解鎖：上層邊緣,Unlock: The Upper Edge,アンロック：上層エッジ,,
解锁荒野,Text,,解锁：荒野,解鎖：荒野,Unlock: Wilderness,アンロック：荒野,,
解锁流星沙漠,Text,,解锁：流星沙漠,解鎖：流星沙漠,Unlocked: Meteor Desert,アンロック：流れ星の砂漠,,
解锁梦境,Text,,解锁：梦境,解鎖：夢境,Unlocked: Dreamscape,アンロック：夢,,
解锁银之河,Text,,解锁：银之河,解鎖：銀之河,Unlocked: Milky Way,アンロック：銀の川,해금：은의 강,
解锁未来,Text,,解锁：未来,解鎖：未來,Unlocked: The Future,アンロック：未来,해금：미래,
解锁过去,Text,,解锁：过去,解鎖：過去,Unlocked: The Past,アンロック：過去,해금：과거,
解锁螺旋之间,Text,,解锁：螺旋之间,解鎖：螺旋之間,Unlocked: Hall of Spiral,アンロック：らせんの間,해금：나선의 사이,
解锁赛博地下室,Text,,解锁：赛博地下室,解鎖：賽博地下室,Unlocked: Cyber Basement,アンロック：サイバー地下室,,
—————————————黑屏文字—————————————————,,,,,,,,
你...来了啊,Text,,<shake>你...来了啊</shake>,<shake>你...來了啊</shake>,You… are here,あなた…来たんですね,,
去寻找它们吧,Text,,<shake>去寻找它们吧</shake>,<shake>快去尋找它們吧</shake>,Go and find them,早くそれらを探しに行ってください,,
和这些孩子们相遇,Text,,<shake>和这些孩子们相遇</shake>,<shake>和這些孩子們相遇</shake>,Meet these little pieces,これらの「子どもたち」と出会う,,
带上它们然后在这里漫游,Text,,<shake>带上它们，然后在这里漫游</shake>,<shake>帶上它們，然後在這裏漫遊</shake>,Take them along and explore,それらを手に、ここをさまよう,,
你一定会找到属于自己的迷因,Text,,<shake>你一定会找到属于自己的迷因</shake>,<shake>你一定會找到屬於自己的迷因</shake>,You’ll find your own meme,きっと、自分だけのミームが見つかるよ,,
欢迎来到迷因空间,Text,,<shake>欢迎来到迷因空间</shake>,<shake>歡迎來到迷因空間</shake>,Welcome to the Meme Space,ミームスペースへようこそ,,
喂喂~,Text,,<shake>喂喂~</shake>,<shake>喂喂~</shake>,Hey hey~,おいおい~,,
醒一醒啦,Text,,<shake>醒一醒啦</shake>,<shake>醒一醒啦</shake>,Wake up,起きて,,
星空...好想...看到更多的星空...,Text,,<shake>星空...好想...看到更多的星空...</shake>,,,,,
啊啊啊啊啊...,Text,,<shake>啊啊啊啊啊...</shake>,,,,,
要是不用在矿坑里...就好了,Text,,<shake>要是不用在矿坑里...就好了</shake>,,,,,
请佩戴耳机体验游戏,Text,,请佩戴耳机体验游戏,請佩戴耳機體驗遊戲,Please wear headphones for the best game experience,ゲームを体験する際は、ヘッドホンをご着用ください。,,
—————————————游戏语言—————————————————,,,,,,,,
简体中文,Text,,简体中文,简体中文,ChineseS,267,,
繁体中文,Text,,繁体中文,繁體中文,ChineseF,267,,
英语,Text,,英语,英語,English,267,,
日语,Text,,日语,日語,Japanese,日本語,,
韩语,Text,,韩语,韩语,Korean,267,,
—————————————地图界面文字—————————————————,,,,,,,,
风车花平原,Text,,风车花平原,風車花平原,Flower Plains,風車花平原,,
风车花平原的地图描述,Text,,开满风车花，宛如童话般的平原上飘荡着旋律，Luby们在这里生活着，据说曾经Shio也生活在这里。,開滿風車花、宛如童話般的平原上飄蕩著旋律，Luby們在這裡生活著，據說曾經Shio也在這裡。,On the windmill flower filled plain{c} like something out of a fairytale{c} melodies drift through the air. Lubys live here{c} and it’s said that Shio was once here too.,風車花が咲き誇る、まるでおとぎ話のような平原に旋律が漂っている。ルビーたちはここで暮らしていて、かつてシオもここにいたと言われている。,,
封闭的大门,Text,,封闭的大门,封閉的大門,Closed door,閉ざされた扉,,
封闭的大门的地图描述,Text,,下层街道的大门紧紧封闭着，迷因的碎片会拼凑成开启大门钥匙，那里是前往结局的终点。,大門緊緊封閉，但碎片可以拼湊成鑰匙。,The door is tightly closed{c} but the fragments will form a key.,扉はしっかりと閉ざされているが、破片が鍵を作り出す,,,
白色房间,Text,,白色房间,白色房間,White room,白い部屋,하얀 방,
白色房间的地图描述,Text,,你从白色的房间里醒来，这里是引导之间，也是你在迷因空间漫游的起点。,你從白色的房間裡醒來，這裡是引導之間，也是你漫遊的起點。,You wake up in a white room. This is the guide space{c} and the starting point of your journey.,白い部屋で目を覚ます。ここはガイドの空間で、あなたの旅の始まりだ。,,
下层电梯,Text,,下层电梯,下層電梯,Lower elevator,下層エレベーター,,
下层电梯的地图描述,Text,,在无人在意的角落里，有一座无人在意的破旧电梯。,無人在意的角落裏有一座無人在意的電梯。,In an unnoticed corner{c} there is an elevator that no one pays attention to.,誰も気にしない隅に、誰も気にしないエレベーターがある,,
上层电梯,Text,,上层电梯,上層電梯,Upper elevator,上層エレベーター,,
上层电梯的地图描述,Text,,在无人在意的角落里，有一座无人在意的破旧电梯。,無人在意的角落裏有一座無人在意的電梯。,In an unnoticed corner{c} there is an elevator that no one pays attention to.,誰も気にしない隅に、誰も気にしないエレベーターがある,,
巨大乌龟,Text,,巨大乌龟,巨大烏龜,The giant turtle,巨大なカメ,,
巨大乌龟的地图描述,Text,,记忆被吞没的世界，漂流在遗忘的大海上的巨龟和少女，在不断重复的循环里，经历着寻找回忆的旅程。,記憶被吞沒的世界，這是漂流在遺忘的大海的巨龜和少女的故事。,A world swallowed by memory{c} this is the story of the giant turtle and the girl drifting across the sea of forgotten things,記憶に飲み込まれた世界。これは、忘却の海を漂う巨大な亀と少女の物語だ,,
深海电子城,Text,,深海电子城,深海電子城,Deep Cyber,深海電子都市,심해 전자 도시,
深海电子城的地图描述,Text,,建造于深海之下的赛博都市，宛如梦幻的电子乌托邦。可这座海底之城，光鲜亮丽之下，处处暗藏不为人知的诡秘阴谋。,深藏深海之下的賽博都市，宛如夢幻的電子烏托邦。可這座海底之城，光鮮亮麗之下，處處暗藏不為人知的詭秘陰謀。,"A cyber city hidden deep beneath the ocean, like a dreamlike electronic utopia. Yet beneath the glamour of this underwater city lies countless hidden and eerie conspiracies unknown to the world.",深海の底に隠されたサイバー都市は、まるで幻想的な電子ユートピアのようだ。だがこの海底都市は、華やかな表向きの姿の裏に、世に知られぬ妖しい陰謀を密かにはらんでいる。,,
赛博地下室,Text,,赛博地下室,賽博地下室,Cyber Basement,サイバー地下室,,
赛博地下室的地图描述,Text,,阴暗的赛博地下室的墙壁上闪烁着一道道赛博流，这里非常安静，只是空气中弥漫着一股不太好闻的气味。,陰暗混沌的賽博地下室閃爍著賽博流，只是這裡的氣息不大好聞。,The dark and chaotic cyber basement flickers with streams of neon data{c} though the air here carries an unpleasant stench.,陰鬱で混沌としたサイバー地下室にはデータの奔流が瞬いているが、ここはあまり気持ちのいい空気ではない。,,
边界墙,Text,,边界墙,邊界牆,Boundary wall,境界の壁,,
边界墙的地图描述,Text,,树立在上层街道边缘的空气墙，是禁锢规则的壁垒。一旦挣脱束缚、打破法则，跨越这道界限，便能奔赴一片截然不同的全新世界。,矗立在上層邊界的空氣牆，是禁錮規則的壁壘。一旦掙脫束縛、打破法則，跨越這道隔絕世間的界線，便能奔赴一片截然不同、從未踏足的全新世界。,The air wall at the upper boundary seals the rules. Break free{c} cross the line{c} and you shall reach an entirely new world.,上層境界の空気の壁が法則を封じる。束縛を断ち切り境界を超え、新たな世界へ至れ。,,
海边站台,Text,,海边站台,海邊站台,Seaside platform,海辺のプラットフォーム,,
海边站台的地图描述,Text,,旅人歇息的海边站台，短暂歇息后，带着梦想然后迈向天边之外的远方。,旅人歇息的海邊站台，帶著歸途邁然向遠方。,The seaside platform where the traveler rests{c} taking steps toward the distant journey home.,旅人が休む海辺の駅、帰路に向かって遠くへと足を踏み出す,,
藏书楼,Text,,星辰藏书楼,星辰藏書樓,Starlit Archive Tower,星辰の蔵書楼,별빛 장서루,
藏书楼的地图描述,Text,,上层的街道有一座藏书楼，这座藏书楼是什么时候建造的呢？,晨星點點，這座藏書樓佇立在高處的街頭。,The morning stars twinkle{c} and the library stands on the upper street.,朝の星が瞬き、この図書館は上層の街道に立っている,"위층 거리에는 오래된 장서루가 하나 서 있다. 그것이 언제 지어진 것인지, 아무도 알지 못한다.",
怪猫石像,Text,,怪猫石像,怪貓石像,The strange cat statue,奇妙な猫の石像,,
怪猫石像的地图描述,Text,,怪猫石像树立在林间，埋藏了一段古老的预言，那是关于月亮和怪猫的故事。,怪貓石像佇立林間，埋藏著一段古老的預言。,The strange cat statue stands in the forest{c} burying an ancient prophecy.,奇妙な猫の石像が森の中に立ち、古代の予言を埋めている,,
遗忘的大海,Text,,遗忘的大海,遺忘的大海,The forgotten sea,忘れられた海,,
遗忘的大海的地图描述,Text,,遗忘的大海吞没了这个陆地，而在这片海洋之中，漂浮着无数由残存回忆化作的「器」。,遺忘的大海吞沒了這個世界，而在這片海洋之下，飄浮著無數由殘存回憶化作的碎片「器」。,"The sea of oblivion has engulfed this world{c} and beneath its waves drift countless fragments called ""Vessels""{c} born from lingering memories.",忘却の海がこの世界を飲み込み、この大海の水底には、残された記憶より生まれた「器」という欠片が無数に漂っている。,,
流星沙漠,Text,,流星沙漠,流星沙漠,Meteor Desert,流星の砂漠,,
流星沙漠的地图描述,Text,,在荒原的深处有一片沙漠，到了夜晚，流星自天边降落到地表，久而久之形成了一片星落之地。,在荒原的深處有一片沙漠，到了夜裡，流星自天邊降落到地表，形成了一片星落之地。,Deep within the wasteland lies a desert. When night falls{c} meteors descend from the horizon to the earth{c} forming a land of fallen stars.,荒野の奥深くに砂漠が広がっている。夜になると、流星が空の果てから地表へと降り注ぎ、星落ちの地を形作る。,,,,,
下层街区,Text,,下层街区,下層街區,Lower District,下層街区,,
下层街区的地图描述,Text,,下层的街道，这里是你醒来的起点，从这里开始你在迷因空间的漫游吧。,下層的街道，你醒來的起點，從這裡開始你的漫遊。,The lower-level streets{c} the point where you wake up—begin your wandering from here.,下層の街道、あなたが目覚める起点、ここからあなたの漫遊が始まる。,,
前往下层,Text,,前往下层,前往下層,Head Lower District,下層へ向かう,,
上层街区,Text,,上层街区,上層街區,Upper District,上層街区,,
上层街区的地图描述,Text,,摩登的电子都市坐落于此，上层的街道充满了不一样的科幻色彩。,摩登的電子都市坐落於此，上層的街道充滿了不一樣的色彩,The modern electronic city is situated here{c} and the upper-level streets are filled with vibrant colors,モダンな電子都市がここにあり、上層の街道は異なる色で溢れている,,
上层边界,Text,,上层边界,上層邊界,Upper boundary,上層の境界,,
上层边界的地图描述,Text,,这里是上层的边缘地带，也是边界，那边界之后又有什么，无人知晓。,這裡是一片邊緣地帶，也是上層的邊界，那邊界之後又有什麼，無人知曉,This is a border area{c} marking the edge of the upper level.What lies beyond that border{c} no one knows.,ここは辺境の地であり、上層の境界でもある。その境界の先に何があるのか、誰も知らない。,,
无人在意的角落,Text,,无人在意的角落,無人在意的角落,A neglected corner,誰も気にしない隅,,
无人在意的角落的地图描述,Text,,一片无人在意的角落，无人问津，更无人涉足。,只是一處無人在意的角落，無人問津，也無人涉足。,It is but a forgotten corner{c} unnoticed and untouched by anyone.,ただ誰にも顧みられない隅っこで、問いかける者もなく、足を踏み入れる者もいない。,,
荒野,Text,,荒野,荒野,Wilderness,荒野,황야,
荒野的地图描述,Text,,这是一片全新的天地，去荒野中寻找属于你的答案吧，你也将在那里迎来真正的开始。,這是一片全新的天地，去荒野中尋找屬於你的答案吧，你也將在那裡迎來真正的開始。,This is a brand-new world. Go seek the answer that belongs to you in the wilderness{c} it is there that your true beginning awaits.,ここはまったく新しい世界。荒野であなた自身の答えを探してみよう——そこでこそ、本当の始まりが待っている。,"이곳은 완전히 새로운 세계. 황야 속으로 나아가, 네게 속한 답을 찾아봐. 진정한 시작은, 바로 그곳에서 기다리고 있어.",
山怪之村,Text,,山怪之村,山怪之村,Village of Mountain Fiends,山怪の村,산괴의 마을,
山怪之村的地图描述,Text,,在远离王国的边陲之地，有一片不为人知的森林，在森林深处有一座小小的村子，村子里流传着古老的山怪的传说。,在邊陲的森林深處有一座小小的村子，村子裡流傳著山怪的傳說。,Deep in the frontier forest{c} there lies a small village where legends of a mountain creature have long been passed down.,辺境の森の奥深くに小さな村があり、そこでは山の怪物の伝説が語り継がれている。,"왕국에서 멀리 떨어진 변방, 세상에 알려지지 않은 숲이 있어. 그 숲의 깊은 곳에 작은 마을이 하나 있고——오래된 산괴의 전설이 지금도 그곳에 흐르고 있어.",
1号道路,Text,,1号道路,1號道路,Route 1,1号道路,,
1号道路的地图描述,Text,,1号道路静静延伸在城镇之间，青草在微风中轻轻摇曳。无数的不思议宝贝训练家从这里迈出了属于他们的第一步。,一號道路靜靜延伸在城鎮之間，青草在微風中輕輕搖曳。這裡是旅途的起點，也是無數訓練家邁出第一步的地方,Route 1 stretches quietly between towns{c} grass sways gently in the breeze. This is the starting point of the journey{c} where countless trainers take their first step,１番道路は町と町の間に静かに伸び、草はそよ風に優しく揺れている。ここは旅の始まりであり、多くのトレーナーが最初の一歩を踏み出す場所だ,,,
阿瓦隆,Text,,阿瓦隆,阿瓦隆,Avalon,アヴァロン,,
阿瓦隆的地图描述,Text,,荒野石原地带的深处有一个秘密结社，它的名字叫做阿瓦隆。这是崇尚牺牲的魔法师们的聚集地。,荒野的深處有一個秘密結社，它的名字叫做阿瓦隆。這是崇尚犧牲的魔法師們的聚集地。,Deep within the wilderness lies a secret society known as Avalon. It is a gathering place for mages who revere sacrifice.,荒野の奥深くには、アヴァロンと呼ばれる秘密結社が存在する。そこは、犠牲を尊ぶ魔法使いたちの集う場所だ。,,
梦境,Text,,梦境,夢境,Dreamscape,夢の世界,,
梦境的地图描述,Text,,当你踏入这里后，现实变得飘渺，而你内心最深处的渴望，将一点一点显形。,當你踏入此地，現實便變得遙遠，而你內心最深處的渴望，將一點一點顯形。,The moment you step into this place{c} reality drifts away{c} and the deepest desires within your heart begin to take shape{c} little by little.,この地に足を踏み入れた瞬間、現実は遠のき、心の奥底に眠る渇望が、少しずつその姿を現していく。,,
稻草人的梦,Text,,稻草人的梦,稻草人的夢,Scarecrow's Dream,かかしの夢,,
稻草人的梦的地图描述,Text,,乡下的田埂间，稻草人矗立在这里，渴望远方的它静静地守望着这片稻田。,鄉下的田埂間，稻草人矗立在這裡，渴望遠方的它靜靜地守望著這片農田,Among the rural field ridges{c} a scarecrow stands here{c} quietly watching over the farmland while yearning for the distant horizon,田舎の畦道に、かかしが立っている。遠くを望みながら、この農地を静かに見守っている,,,
46亿年的梦,Text,,46亿年的梦,46億年的夢,Dream of 4.6 Billion Years,46億年の夢,,
46亿年的梦的地图描述,Text,,从一条鱼踏上陆地，从陆地飞向天空，进化的长河源远流长，跨越46亿年的时光，我们终将不断前进，抵达梦中的伊甸。,從一條魚踏上陸地，從陸地飛向天空，進化的長河源遠流長，我們終將不斷前進，抵達夢中的伊甸。,"From a fish stepping onto land, from the land soaring into the sky. The long river of evolution stretches far and endless. We will keep moving forward{c} and finally reach the Eden of our dreams.",一匹の魚が陸へ上がり、陸から空へ羽ばたく。進化の長き流れは悠久に続き、我々は歩み続け、いつしか夢に描いたエデンへ辿り着く。,,,
流星沙漠村,Text,,流星沙漠村,流星沙漠村,Meteor Desert Village,流星砂漠の村,,
流星沙漠村的地图描述,Text,,流星沙漠的深处有一个小小的聚落，人们因为流星的信仰而聚集在这里。,流星沙漠的深處有一處小小的聚落，人們因為流星聚集在這裡,Deep within the Meteor Desert lies a small settlement{c} where people have gathered because of the falling stars.,流星砂漠の奥深くには小さな集落があり、人々は流星を求めてここに集まっている,,
沙漠机器人,Text,,沙漠机器人,沙漠機器人,Desert robot,砂漠のロボット,,
沙漠机器人的地图描述,Text,,一片黄沙的戈壁滩，带着一些裸露的钢筋和机械的残骸，风肆意穿行其间，翻卷着尘土和铁屑。,沙漠戈壁向遠方無盡延展，風卷起細碎的沙粒，碎石與殘骸零散地散落其間，彷彿被時間遺棄。,The desert and Gobi stretch endlessly into the distance{c} the wind lifts fine grains of sand{c} scattered stones and wreckage lie around as if abandoned by time,砂漠とゴビ砂漠は果てしなく遠方へと広がり、風が細かい砂粒を巻き上げ、石や残骸が散在している。まるで時間に忘れ去られたかのようだ,,,
银之河,Text,,银之河,銀河,Milky Way,銀の川,은빛 강,
银之河的地图描述,Text,,银之河在天边静静流淌，群星如灯火般点缀在深蓝的夜幕之上。列车沿着无尽的轨道前行，穿过寂静与光芒交织的宇宙。,銀之河在天邊靜靜流淌，群星如燈火般點綴在深藍的夜幕之上。列車沿著無盡的軌道前行，穿過寂靜與光芒交織的宇宙。,The silver river flows quietly along the horizon{c} stars dot the deep blue night like scattered lights. The train moves along endless tracks{c} passing through a universe woven of silence and light,銀の川が空の彼方で静かに流れ、星々は深い青の夜空に灯火のように散りばめられている。列車は果てしない軌道を進み、静寂と光が織りなす宇宙を駆け抜けていく,"은빛 강은 하늘 끝에서 고요히 흐르고, 별들은 등불처럼 짙푸른 밤하늘을 수놓는다. 열차는 끝없는 선로를 따라 나아가며, 고요함과 빛이 뒤엉킨 우주를 가로지른다.",
半人马座阿尔法,Text,,半人马座阿尔法,半人馬座阿爾法,Alpha Centauri,ケンタウルス座アルファ,,
半人马座阿尔法的地图描述,Text,,双星交辉之下，抵达了最接近的邻域，老鼠梦中的奶酪星球一定就在这里。,雙星交輝之下，抵達了最接近的鄰域，老鼠夢中的奶酪星球一定就在這裡。,Beneath the twin stars’ glow{c} you reach the nearest region{c} the cheese planet from the mouse’s dream must be here,双星が輝く中で最も近い領域へとたどり着き、ネズミの夢に見たチーズの星はきっとここにある,,,
宙域S4,Text,,宙域S4,宙域S4,Sector S4,宙域S4,우주역 S4,
宙域S4的地图描述,Text,,这片宙域已经回归于平静，曾经这里是激烈的战场，四处飘荡着机甲的残骸。,這片宙域已經回歸於平靜，曾經這裡是激烈的戰場，四處飄盪著機甲的殘骸。,This sector of space has returned to calm. Once{c} it was a fierce battlefield{c} with the wreckage of mechs drifting everywhere.,この宙域はすでに静けさを取り戻している。かつてここは激しい戦場であり、機甲の残骸が至るところに漂っていた。,"이 우주역은 이제 고요함으로 돌아왔다. 한때 이곳은 치열한 전장이었고, 기체의 잔해들이 사방에 떠돌았다.",,
银河站台,Text,,银河站台,銀河站台,Galactic Platform,銀河プラットフォーム,은하 정류장,
银河站台的地图描述,Text,,小小的站台静静漂浮在群星之间，银色的轨道向远方延伸，仿佛通往看不见的彼岸。,小小的站台靜靜漂浮在群星之間，銀色的軌道向遠方延伸，彷彿通往看不見的彼岸。,A small platform drifts quietly among the stars{c} silver tracks stretch into the distance{c} as if leading to an unseen shore,小さなプラットフォームが星々の間に静かに浮かび、銀色の軌道は遠くへと伸び、見えない彼方へと続いているかのようだ,"작은 정류장이 별들 사이에 조용히 떠 있고, 은빛 궤도는 저 멀리까지 뻗어—마치 보이지 않는 저편으로 이어지는 것처럼.",,
过去,Text,,过去,過去,The past,過去,,
过去的地图描述,Text,,穿越岁月的长河来到这里，这是旧日世界无数片段中的一幕。,穿越歲月，來到這裡，這是舊日世界無數片段中的一幕。,Crossing the years to arrive here{c} this is but one fragment from the countless moments of the old world.,歳月を越えてここへ辿り着く、これは旧き世界に残された無数の断片のうちの一つ。,,
未来,Text,,未来,未來,The future,未来,,
未来的地图描述,Text,,跨越时空，抵达此地，这是未来世界无数可能性中的一幕。,跨越時空，抵達此地，這是未來世界無數可能性中的一幕。,Crossing time and space to arrive here{c} this is but one moment among the countless possibilities of the future world.,時空を越えてここへ辿り着く、これは未来世界に存在する無数の可能性の中の一つの光景。,,
绿色世界,Text,,绿色世界,綠色世界,Green World,緑の世界,초록 세계,
绿色世界的地图描述,Text,,绿色不断生长，绿色占领了世界，绿色在跃动，绿色在呼吸，所以在绿色的世界里去感受它的存在。,綠色不斷生長，綠色占領了世界，綠色在躍動，綠色在呼吸，所以在綠色的世界裡去感受它的存在。,Green grows without end. Green has claimed the world. Green pulses{c} green breathes — so go{c} and feel its presence in a world made of green.,緑は絶えず育ち、世界を覆い、躍動し、呼吸している。だから、緑の世界の中でその存在を感じてほしい。,"초록은 끊임없이 자라고, 초록은 세계를 점령했으며, 초록은 약동하고, 초록은 숨 쉰다. 그러니 초록의 세계 속에서 그 존재를 느껴보라.",
毁灭的未来,Text,,毁灭的未来,毀滅的未來,Future of Destruction,破滅の未来,,
毁灭的未来的地图描述,Text,,赤眼毁灭了一切的未来，这里只有无数的残垣断壁，这里就是怪猫预言里可怕的末日与终焉。,赤眼毀滅了一切的未來，怪貓的預言裡可怕的末日與終焉。,The red-eyed one brings a future of total destruction{c} a dreadful apocalypse and end foretold in the strange cat’s prophecy,赤い目はすべてを滅ぼす未来をもたらし、怪しい猫の予言には恐ろしい終末と終焉が語られている,,,
千禧年,Text,,千禧年,千禧年,Millennium,ミレニアム,,
千禧年的地图描述,Text,,闪烁的屏幕，缓慢的网络、还带着噪点的影像，像是被时间轻轻封存的一段旧梦。,老舊機房在昏暗之中，成排的顯像管螢幕散發著微微的藍白光，這裡記錄著通往未來的最初回響。,In the dim old server room{c} rows of CRT screens emit a faint blue-white glow{c} preserving the earliest echoes of a path toward the future,薄暗い古い機械室で、並んだブラウン管モニターがかすかな青白い光を放ち、ここには未来へと続く最初の残響が刻まれている,,,
夏日海滩,Text,,夏日海滩,夏日海灘,Summer beach,夏のビーチ,,
夏日海滩的地图描述,Text,,夜晚的海风迎面吹来，这里有一份独属于夏日的花火之夜的回忆。,夜晚的海風迎面吹來，這裡有一份獨屬於夏日的花火之夜的回憶。,The night sea breeze blows against our faces — here lies a memory belonging solely to a summer night of fireworks.,夜の海風が正面から吹いてくる。ここには、夏の花火の夜だけの思い出がある。,밤바다의 바람이 얼굴을 스친다. 이곳에는 여름밤 불꽃놀이만의 추억이 있다.,
—————————————音乐描述—————————————————,,,,,,,,
流星降落之地,Text,,流星沙漠,,,,,
流星降落之地的音乐描述,Text,,悠扬而宁静的旋律充满四周，像是一场无声的邀请，随着绿色的生长不断扩散，引导着每一个踏入这里的生命。去倾听、去感受、去理解这颗星球真正的呼吸。,,,,,
不思议宝贝对战,Text,,不思议宝贝对战,,,,,
不思议宝贝对战的音乐描述,Text,,你也想参加一场紧张刺激的不思议宝贝对战吧！那么在对战开始之前，请选择一首BGM~\n\n就决定是这首了！\n\n在这首BGM里，我的花苞宝是无敌的！,,,,,
绿色世界,Text,,绿色世界,,,,,
绿色世界的音乐描述,Text,,悠扬而宁静的旋律在绿色的世界飘荡，这是一场无声的邀请，随着绿色的生长不断扩散，引导着每一个踏入这里的生命。去倾听、去感受、去理解这颗星球真正的呼吸。,,,,,
山怪们的王,Text,,山怪的王,,,,,
山怪们的王的音乐描述,Text,,山怪一族的故事的终章。这首曲子并没有想象中的激昂，而是带着一丝悠长的忧伤。很久很久以前，它带领着山怪们来到这片森林，也见证了与人类之间一段段漫长的故事。,,,,,
山怪们的森林,Text,,山怪的森林,,,,,
山怪们的森林的音乐描述,Text,,山怪一族已经在这片森林生活了很久很久。关于它们与人类的故事，有些成为了传说，有些早已被遗忘。轻盈而奇幻的旋律穿梭于林间，像一本缓缓翻开的童话，带领你走进山怪一族漫长而奇妙的历史。,,,,,
46亿年的梦,Text,,46亿年的梦,,,,,
46亿年的梦的音乐描述,Text,,当悠久的旋律响起，你进入了一场跨越46亿年的梦境。时间在这里静静流淌，生命也在一次次蜕变中不断前行。这首曲子如同一场古老而漫长的冒险，引领你穿越海洋、陆地与天空，见证生命一路走来的旅程。,,,,,
不思议宝贝,Text,,不思议宝贝,,,,,
不思议宝贝的音乐描述,Text,,你也想成为不思议宝贝训练师吧！从最初的城镇启程，前往不同的地区，邂逅各种各样的不思议宝贝。这首旋律轻快而活泼，洋溢着朝气与希望，仿佛即将开始一场崭新冒险。,你也想成為不思議寶貝訓練師吧！從最初的城鎮啟程，前往不同的地區，邂逅各式各樣的不思議寶貝。這首旋律輕快而活潑，洋溢著朝氣與希望，彷彿一場嶄新的冒險，正悄悄拉開序幕。,You've always dreamed of becoming a Mystimon Trainer{c} haven't you? Step out from your first small town{c} wander into regions unknown{c} and cross paths with Mystimon of every kind. The melody is bright and buoyant — humming with hope{c} rustling with the quiet promise of something brand new.,あなたもフシギモントレーナーになりたいでしょう！最初の町を旅立って、さまざまな地域を巡り、個性豊かなフシギモンたちと出会って。この旋律は軽やかに弾み、朝の光のように活気と希望にあふれている——まるで、あたらしい冒険がいま静かに、幕を開けようとしているみたいに。,"당신도 미스티몬 트레이너가 되고 싶지 않나요? 처음의 작은 마을을 떠나, 낯선 지역을 탐험하고, 수많은 미스티몬들과 마주쳐보세요. 이 선율은 경쾌하고 활기차며, 아침 빛처럼 희망과 설렘으로 가득 차 있어요——마치 새로운 모험이 지금 막 시작되려는 것처럼.",
藏书楼少女,Text,,藏书楼少女,藏書樓少女,The Archive Girl,蔵書楼の少女,장서루의 소녀,
藏书楼少女的音乐描述,Text,,你来了啊~这是专属于“魔女”我的曲子呢，这也是我最最最喜欢的一首！当你睁开双眼，这座静谧的星辰藏书楼里，活泼跳动的旋律响起，在你的眼前是一名带着蝶翼面具的金发少女。这就是“魔女”第一次的登场呢~,,,,,
赛博甲虫,Text,,赛博甲虫,賽博甲蟲,Cyber Beetle,サイバービートル,사이버 비틀,
赛博甲虫的音乐描述,Text,,跳跃的电子音与复古合成器交织，像是在赛博流中缓缓流动。这里没有城市的喧嚣，只有键盘敲击、屏幕闪烁，在这片被遗忘的角落，赛博甲虫守护着它那份小小的热爱。,跳躍的電子音與復古合成器交織，彷彿數據正在賽博流中緩緩流動。這裡沒有城市的喧囂，只有鍵盤敲擊、螢幕閃爍，在這片被遺忘的角落，賽博甲蟲守護著那份小小的熱愛。,Bouncing electronic notes weave through the warmth of vintage synthesizers — as if data were drifting{c} slow and unhurried{c} through the cyber-stream. No city noise here. Only the tap of keys{c} the soft flicker of screens. In this forgotten corner{c} Cyber Beetle keeps watch over something small and quietly precious.,跳ねるような電子音と、どこか懐かしいシンセサイザーの響きが絡み合う——まるでデータがサイバー流の中を、ゆっくりと漂っていくみたいに。都市の喧騒は、ここには届かない。あるのは、キーボードの音と、スクリーンのまたたきだけ。忘れられたこの場所で、サイバービートルはあの小さな熱愛を、静かに守り続けている。,"경쾌하게 튀어오르는 전자음과 레트로 신디사이저의 온기가 어우러져——마치 데이터가 사이버 스트림을 따라 천천히 흘러가듯. 도시의 소음은 여기까지 닿지 않는다. 오직 키보드 소리와 화면의 깜빡임만이 이 잊혀진 구석을 채우고 있다. 사이버 비틀은 그 작고 소중한 열정을, 조용히 지키고 있다.",
稻草人的梦,Text,,稻草人的梦,,,,,
稻草人的梦的音乐描述,Text,,关于等待与远行的旋律。田野的风吹过稻草人的身体，也吹过它未曾说出口的梦想。它曾守护一片土地，也曾渴望看看风吹来的地方。即使最后化作原野的一部分，那份想去远方的心，也仍随着风继续旅行。,,,,,
飞往宇宙的老鼠,Text,,宇宙老鼠,,,,,
飞往宇宙的老鼠的音乐描述,Text,,空灵的旋律在星尘之间缓缓漂浮，仿佛一只小小的身影穿越无尽宇宙，寻找着遥远的梦想。轻盈的音符描绘着宇宙的静谧，也记录着一只老鼠对奶酪星球的向往。在浩瀚星海之中，即使渺小如它，也依然朝着属于自己的星辰前进。,,,,,
风车花的平原,Text,,风车平原,,,,,
风车花的平原的音乐描述,Text,,微风吹过原野，风车花轻轻摇曳。它一直温柔地陪伴着每一只寻找「宝物」的 Luby。当熟悉的旋律再次响起，遗忘的我们也终将再次想起彼此，因为Shio是我们的朋友呢。,,,,,
下层街道,Text,,下层街道,,,,,
下层街道的音乐描述,Text,,从白色的房间启程，远处风车平原和旋律在飘动，在不起眼的角落里似乎有一扇封闭的大门，而苏醒的你在这里开始漫游。但是没关系哦，驻足于此，可以慢慢聆听，一切才刚刚开始呢。,,,,,
夏日与花火之夜,Text,,夏日与花火之夜,夏日與花火之夜,A Summer Night of Fireworks,夏の日と花火の夜,여름과 불꽃놀이의 밤,
夏日与花火之夜的音乐描述,Text,,花火、夏日，还有橘子汽水。虽然听起来很老套啦，但此时此刻这首旋律响起，也许青春的回忆悄悄涌上心头。要是它还能让你再心动一次，哪怕只有那么一下下，那就已经足够了。,花火、夏日，還有橘子汽水。聽起來老套，但當這段旋律響起，青春的記憶便悄悄漫上心頭。若它還能讓你再心動一次——哪怕只是那麼一瞬——就已足夠了。,Fireworks{c} summer{c} and a cold glass of orange soda. Cliché{c} maybe — but when this melody drifts in{c} something like youth quietly rises to the surface. If it can make your heart flutter just one more time{c} even for just a moment{c} that's more than enough.,花火、夏の日、そしてオレンジソーダ。ありきたりに聞こえるかもしれないけれど、このメロディが流れてくると、青春の記憶がそっと胸に満ちてくる。もう一度だけ、ほんの一瞬でも、あなたの心が揺れるなら——それだけで、十分だよ。,"불꽃놀이, 여름, 그리고 오렌지 소다. 진부하게 들릴지도 모르지만, 이 멜로디가 흘러오면 청춘의 기억이 조용히 가슴 위로 번진다. 단 한 번만 더, 잠깐이라도 네 마음이 설렌다면——그것만으로도 충분해.",
前往新的世界,Text,,前往新的世界,,,,,
前往新的世界的音乐描述,Text,,从上层街道一跃而下，新的地图、新的冒险，还有全新的BGM，一切都充满了新鲜感，当玩家的心流下滑的时候，给予玩家新鲜的体验，就像这片荒野的存在一样，处处充满了新的可能性！,,,,,
群星璀璨的银之河,Text,,群星璀璨的银之河,,,,,
群星璀璨的银之河的音乐描述,Text,,银之河，万物生命的摇篮。你将会见证生命最初的悸动，也在此踏上一场关于起源的奇妙旅程。空灵而辽阔的旋律自宇宙深处缓缓传来，伴随着群星的光芒。既然如此，那就漂流在这里，安静地聆听，来自宇宙的音乐~,,,,,
银河列车,Text,,银河列车,,,,,
银河列车的音乐描述,Text,,复古的旋律缓缓流淌，一辆夜行的列车正驶向银之河的深处。窗外是漫天星辰，终点始终藏在遥远的夜色里。悠扬的小提琴与温柔的弦乐缓缓奏响，而下一站，又将驶向哪片未知的星空？,,,,,
毁灭的世界,Text,,毁灭的世界,,,,,
毁灭的世界的音乐描述,Text,,纵使这个世界已经被赤眼毁灭。你穿梭在这片废墟之中，一遍又一遍地被赤眼追杀...但是留存在这里的小小的希望的种子没有消失。在无尽的循环与追逐之中，一直等待着那个能够改变未来的人。,,,,,
一万二千年的过去,Text,,一万二千年的过去,一萬兩千年前,Twelve Thousand Years Ago,一万二千年前,일만 이천 년 전,
一万二千年的过去的音乐描述,Text,,那是很久很久以前的过去，也是怪猫最初的刚来到这颗星球的时代。而随着你的到来，这段跨越漫长岁月的回忆，也再次被轻轻翻开...,那是很久很久以前的事了——怪貓初次踏上這顆星球的年代。而隨著你的到來，那段橫跨漫長歲月的記憶，也再次被輕輕翻開……,A time so distant it feels like a dream — the age when the strange cat first set foot on this world. And now{c} with your arrival{c} those memories stretching across countless years are quietly turned open once more…,それは、遠い遠い昔のこと——怪猫がはじめてこの星に降り立った時代。そしてあなたの訪れとともに、長い歳月を越えたその記憶が、またそっとひらかれていく……,"그것은 아주 오래전의 일——괴묘가 처음 이 별에 발을 디딘 시대. 그리고 당신의 등장과 함께, 긴 세월을 가로지른 그 기억이 다시 조용히 펼쳐지기 시작했다……",
毁灭与新生的未来,Text,,毁灭与新生的未来,毀滅與新生的未來,A Future of Ruin and Rebirth,滅びと再生の未来,멸망과 새로운 탄생의 미래,
毁灭与新生的未来的音乐描述,Text,,就算未来已经被毁灭，但是新生的种子在这里继续生长着，直到覆盖住这千疮百孔的城市，为其带来新生。而未来的可能性，掌握在每个人的手中。,就算未來已然破碎，新生的種子仍在此悄然生長，蔓延覆蓋這千瘡百孔的城市，為它帶來重生。而未來的可能性，握在每個人的手中。,Even if the future has already crumbled{c} seeds of new life keep growing here — slowly{c} quietly — until they cover every wound this city carries{c} and bring it back to life. The shape of what comes next rests in every pair of hands.,たとえ未来がすでに壊れていても、新しい命の種はここで静かに芽吹き続ける。傷だらけのこの街を覆い尽くすまで、再生をもたらすまで。そして未来の可能性は、すべての人の手の中に宿っている。,"미래가 이미 무너졌다 해도, 새로운 생명의 씨앗은 이곳에서 조용히 자라난다. 상처투성이의 이 도시를 뒤덮을 때까지, 새로운 탄생을 가져올 때까지. 그리고 미래의 가능성은, 모든 이의 손 안에 있다.",
机械生命之歌,Text,,机械生命之歌,機械生命之歌,Song of the Mechanical Soul,機械生命の歌,기계 생명의 노래,
机械生命之歌的音乐描述,Text,,在黄沙之地向着心中的那片“绿洲”前进的机械生命体。虽然步伐沉重，身体也早已残破不堪，但它始终没有停下。谁说机械不会做梦呢？它只是比任何人都更相信，穿过这片荒芜之后，总会有一片属于自己的“绿洲”。,在黃沙之地，向著心中那片「綠洲」前行的機械生命體。步伐沉重，身軀早已千瘡百孔，卻從未停下。誰說機械不會做夢？它只是比任何人都更相信——穿過這片荒蕪，終有一片屬於自己的「綠洲」在等待。,A mechanical soul trudging across the wastes{c} toward the oasis it carries only in its heart. Heavy steps. A body long broken. And yet — it never stops. Who says machines don't dream? It simply believes{c} more than anyone{c} that beyond this barren stretch of nothing{c} an oasis waits. Its own.,黄砂の大地を、心に描いた「オアシス」へと歩み続ける機械生命体。足取りは重く、身体はとうに傷だらけ。それでも、立ち止まることはなかった。機械に夢は見られないと、誰が言った？ただ誰よりも信じていた——この荒野を越えた先に、自分だけの「オアシス」が待っていると。,"황사의 땅 위에서, 마음속 '오아시스'를 향해 나아가는 기계 생명체. 발걸음은 무겁고, 몸은 이미 만신창이지만 — 멈추지 않는다. 기계는 꿈을 꾸지 않는다고, 누가 말했나? 그것은 그 누구보다 굳게 믿고 있었다. 이 황무지를 지나면, 반드시 자신만의 '오아시스'가 있을 거라고.",
纯白引导之间,Text,,纯白引导之间,純白引導之間,Between the Guidance of Pure White,純白の導きのあいだで,순백의 인도 사이에서,
纯白引导之间的音乐描述,Text,,谁会专门去听新手教程啊？...不过，如果这教程是小白讲的话，好像又可以多待一会儿。轻柔的旋律响起，简单却很温暖。旅程还没开始，但属于你的故事，已经悄悄开始了。,誰會專門去聽新手教程啊？……不過，如果講課的是小白，好像又可以多待一會兒。輕柔的旋律響起，簡單卻很溫暖。旅程還沒開始，但屬於你的故事，已經悄悄展開了。,Who actually sits through a tutorial?… But if it's Little White doing the talking{c} maybe staying a little longer isn't so bad. A gentle melody drifts in — simple{c} but warm. The journey hasn't begun yet. And yet{c} somehow{c} your story has already quietly started.,チュートリアルなんて、わざわざ聞く人いるの？……でも、小白が教えてくれるなら、もう少しいてもいいかな。やわらかな旋律が流れてくる——シンプルで、でもどこか温かい。旅はまだ始まっていない。それでも、あなたの物語は、もうそっと動き出していた。,"누가 일부러 튜토리얼을 듣겠어?……그래도 小白이 알려주는 거라면, 조금 더 있어도 괜찮을 것 같다. 부드러운 선율이 흘러나온다——단순하지만, 어딘가 따뜻한. 여정은 아직 시작되지 않았다. 그런데도 당신의 이야기는, 이미 조용히 시작되고 있었다.",
海边站台,Text,,海边站台,,,,,
海边站台的音乐描述,Text,,海边、旧站台，还有一阵吹个不停的海边的晚风。这首曲子安静得刚刚好，海浪在旁边轻轻打着拍子。要是你也想找个地方发发呆，那大概就是这里了。,,,,,
梦境之中,Text,,梦境之中,,,,,
梦境之中的音乐描述,Text,,你像流星许下了什么愿望？跟着旋律慢慢走吧，游走于现实与回忆之间，带着一丝朦胧与温暖，也许你会想起，那些遗忘已久的回忆。,,,,,
螺旋通往星辰,Text,,螺旋通往星辰,,,,,
螺旋通往星辰的音乐描述,Text,,终于要抵达了呢，大门的背后是一条螺旋的阶梯。跟随着梦幻的旋律，你将抵达迷因空间的尽头。在这里你将会找到属于自己的迷因。,,,,,
小小的电梯,Text,,小小的电梯,,,,,
小小的电梯的音乐描述,Text,,废弃的电梯沉寂了很久，锈蚀的铁门挡住了外面的世界，也挡住了里面的自己。不过好在你来了，陪它聊聊天，直到它终于愿意鼓起勇气——咔哒。,,,,,
永劫轮回的魔法使,Text,,永劫轮回的魔法使,,,,,
永劫轮回的魔法使的音乐描述,Text,,荒原的风从未停歇，魔法师也从未停下脚步。他猎杀魔物，也背负诅咒；他质疑自己的选择，却依然选择继续前行。你听到了吗，远处若有若无的人声轻轻哼唱，像是一首献给那些迷失者的安魂曲。,,,,,
少女与巨龟漂流物语,Text,,少女与巨龟漂流物语,,,,,
少女与巨龟漂流物语的音乐描述,Text,,巨龟缓缓漂流在遗忘的大海上，少女轻轻哼唱着记忆中的歌谣。旅途没有终点，回忆也总会被流星带走，但总有人会把这些故事记住。或许，比起抵达终点，一起漂流的时光才是这场旅途中最珍贵的宝物。,,,,,
藏书楼少女复古版,Text,,藏书楼少女复古版,,,,,
藏书楼少女复古版的音乐描述,Text,,如果魔女出生在复古的掌机时代，大概就会写出这样的曲子吧。别说，还挺搭的。熟悉的音色响起，让与魔女的相遇，多了一份属于那个年代的浪漫。,,,,,
霓虹晚风,Text,,霓虹晚风,,,,,
霓虹晚风的音乐描述,Text,,霓虹点亮了海底都市的夜晚，轻快而充满活力的旋律随着晚风流淌。在屋顶眺望这座永不入眠的城市，聊聊天、吹吹风，再听听一位猫耳少女分享她关于梦想的小秘密。今晚，就暂时忘掉烦恼，享受这座城市独有的热闹吧。,,,,,
摩登的街道,Text,,摩登的街道,,,,,
摩登的街道的音乐描述,Text,,跟着节拍跳动起来，这里是摩登的都市，这里也是不眠的都市。霓虹在夜色中不断闪烁，车流与人群汇聚成另一种节奏，每个人都朝着自己的方向前行，城市也从未停下脚步。,,,,,
阳光海滩,Text,,阳光海滩,,,,,
阳光海滩的音乐描述,Text,,海边，沙滩，还有一座废弃的老旧站台。旋律随着浪花起伏，这里没有喧闹，也没有终点，只有一段旋律，静静陪伴着每一个停下脚步的人。,,,,,
废墟藏书楼,Text,,废墟藏书楼,,,,,
废墟藏书楼的音乐描述,Text,,残破的藏书楼似乎已经摇摇欲坠了，至少你来了。静谧的空间里探寻，然后拿上蓝色的水晶吊坠。我在另一个空间里等着你哦。,,,,,
来自月亮上的怪猫,Text,,来自月亮上的怪猫,,,,,
来自月亮上的怪猫的音乐描述,Text,,月光洒落在古老的石像之上，尘封的记忆随着微光缓缓苏醒。悠远而神秘的旋律之下，是一段关于怪猫的预言。至于预言的结局是什么，跨越过去和未来，你终将见证。,,,,,
向星空祈愿,Text,,向星空祈愿,,,,,
向星空祈愿的音乐描述,Text,,沙漠的夜晚没有声音，只有流星回应着漫长的等待。那些被遗忘的愿望、被风沙吹散的故事，随着流星再次浮现。那么听着这首曲子，一起来祈愿吧。,,,,,
致漂流于碎片中的你,Text,,致漂流于碎片中的你,,,,,
致漂流于碎片中的你的音乐描述,Text,,这是送给漂流在迷因空间的你的曲子，你也找到了属于自己的迷因了吧，如果还没有的话也不能灰心哦，迷因的种子已经在你的心中播种了，也许在将来你也会诞生属于自己的迷因！,,,,,
音乐之间,Text,,音乐之间,,,,,
音乐之间的音乐描述,Text,,一首还在成长的曲子。至少现在不需要把它变得完美，在一次次的尝试下，把灵感留在旋律里。然后会组成一些新的事物。这也是那枚光球不断追求的东西。,,,,,
千禧年潮流,Text,,千禧年潮流,,,,,
千禧年潮流的音乐描述,Text,,明亮的电子旋律配合复古合成器，轻盈而富有律动。洋溢着千禧年前夕独有的乐观与憧憬，仿佛随着屏幕缓缓亮起，一个关于未来的时代也正悄然展开。,,,,,
标题曲,Text,,标题曲,,,,,
标题曲的音乐描述,Text,,欢迎来到迷因空间，这里是有无数迷因碎片组成的精神世界，你可以驻足在此，只需要安静地听着这里的曲子就行了，深呼吸，放轻松，开始一段温柔的旅程。,,,,,
下层的街道角落,Text,,下层的街道角落,下層的街道角落,A Corner in the Lower Streets,下層街の片隅,하층 거리의 구석,
下层的街道角落的音乐描述,Text,,一首安静而温柔的小曲，街道里总有一些无人问津的角落，也总有一些等待着被发现的故事。直到有一天，终于有人停下脚步，愿意跟它说说话。,"一首安靜而溫柔的小曲，街道裡總有一些無人問津的角落,也總有一些等待著被發現的故事。直到有一天,終於有人停下腳步,願意跟它說說話。",A quiet{c} gentle melody. In every street there are corners no one notices{c} and stories waiting to be found. Until one day{c} someone finally stops{c} and chooses to listen.,静かで優しい小さな曲。街にはいつも、誰も気にかけない片隅があり、発見されるのを待つ物語がある。いつかある日、ようやく誰かが足を止めて、それに語りかけてくれるまで。,"조용하고 부드러운 작은 곡. 거리에는 언제나 아무도 찾지 않는 구석이 있고, 발견되기를 기다리는 이야기들이 있다. 언젠가, 마침내 누군가 발걸음을 멈추고 그것에게 말을 걸어줄 때까지.",
摩登的边缘,Text,,摩登的边缘,,,,,
摩登的边缘的音乐描述,Text,,摩登电子都市的边缘有什么？是藏着秘密的阴暗小巷，还是一面怎么看都很荒诞的空气墙？电子乐的节拍在霓虹中缓缓推进，未知就在界限的另一侧。既然都走到这里了，不过去看看，总觉得有点不甘心。,,,,,
星屑的彼方,Text,,星屑的彼方,,,,,
星屑的彼方的音乐描述,Text,,漂浮于星海中的钢铁巨人，静静等待着下一位驾驶员。也许真正令人难忘的，并不是那场战斗，而是那份属于钢铁与梦想的浪漫。,,,,,
—————————————steam状态—————————————————,,,,,,,,
XiaolaiSC,TextMeshPFont,,fonts/unifont-15,fonts/unifont-15FFF,fonts/unifont-15,fonts/unifont-15Japan,fonts/unifont-15Kor,
